filename,label
AcDc_BackInBlack_STEM_01.wav,otros
AcDc_BackInBlack_STEM_02.wav,guitar
AcDc_BackInBlack_STEM_03.wav,bass
AcDc_BackInBlack_STEM_04.wav,guitar
AcDc_BackInBlack_STEM_05.wav,otros
AClassicEducation_NightOwl_STEM_01.wav,bass
AClassicEducation_NightOwl_STEM_02.wav,otros
AClassicEducation_NightOwl_STEM_03.wav,guitar
AClassicEducation_NightOwl_STEM_04.wav,guitar
AClassicEducation_NightOwl_STEM_05.wav,guitar
AClassicEducation_NightOwl_STEM_06.wav,guitar
AClassicEducation_NightOwl_STEM_07.wav,guitar
AClassicEducation_NightOwl_STEM_09.wav,otros
AClassicEducation_NightOwl_STEM_10.wav,otros
AClassicEducation_NightOwl_STEM_11.wav,otros
AClassicEducation_NightOwl_STEM_12.wav,otros
Adele_SomeoneLikeYou_STEM_01.wav,piano
Aerosmith_LoveInAnElevator_STEM_01.wav,otros
Aerosmith_LoveInAnElevator_STEM_02.wav,bass
Aerosmith_LoveInAnElevator_STEM_03.wav,guitar
Aerosmith_LoveInAnElevator_STEM_04.wav,guitar
AHa_TakeOnMe_STEM_01.wav,otros
AHa_TakeOnMe_STEM_03.wav,otros
AHa_TakeOnMe_STEM_04.wav,guitar
AHa_TakeOnMe_STEM_05.wav,otros
AHa_TakeOnMe_STEM_06.wav,otros
AimeeNorwich_Child_STEM_01.wav,otros
AimeeNorwich_Child_STEM_02.wav,bass
AimeeNorwich_Child_STEM_03.wav,guitar
AimeeNorwich_Child_STEM_05.wav,otros
AimeeNorwich_Child_STEM_06.wav,piano
AimeeNorwich_Child_STEM_07.wav,guitar
AimeeNorwich_Flying_STEM_01.wav,otros
AimeeNorwich_Flying_STEM_02.wav,otros
AimeeNorwich_Flying_STEM_03.wav,bass
AimeeNorwich_Flying_STEM_04.wav,guitar
AimeeNorwich_Flying_STEM_05.wav,guitar
AimeeNorwich_Flying_STEM_06.wav,otros
AimeeNorwich_Flying_STEM_07.wav,otros
AimeeNorwich_Flying_STEM_08.wav,otros
AimeeNorwich_Flying_STEM_09.wav,piano
AimeeNorwich_Flying_STEM_10.wav,otros
AimeeNorwich_Flying_STEM_11.wav,otros
AimeeNorwich_Flying_STEM_12.wav,otros
AimeeNorwich_Flying_STEM_13.wav,otros
AimeeNorwich_Flying_STEM_14.wav,otros
AimeeNorwich_Flying_STEM_15.wav,otros
AlanisMorissette_YouOughtaKnow_STEM_01.wav,otros
AlanisMorissette_YouOughtaKnow_STEM_02.wav,bass
AlanisMorissette_YouOughtaKnow_STEM_03.wav,guitar
AlanisMorissette_YouOughtaKnow_STEM_05.wav,guitar
AlexanderRoss_GoodbyeBolero_STEM_01.wav,guitar
AlexanderRoss_GoodbyeBolero_STEM_02.wav,guitar
AlexanderRoss_GoodbyeBolero_STEM_03.wav,guitar
AlexanderRoss_GoodbyeBolero_STEM_04.wav,bass
AlexanderRoss_GoodbyeBolero_STEM_05.wav,otros
AlexanderRoss_GoodbyeBolero_STEM_07.wav,otros
AlexanderRoss_GoodbyeBolero_STEM_08.wav,otros
AlexanderRoss_GoodbyeBolero_STEM_09.wav,otros
AlexanderRoss_VelvetCurtain_STEM_01.wav,guitar
AlexanderRoss_VelvetCurtain_STEM_02.wav,guitar
AlexanderRoss_VelvetCurtain_STEM_03.wav,guitar
AlexanderRoss_VelvetCurtain_STEM_04.wav,bass
AlexanderRoss_VelvetCurtain_STEM_05.wav,otros
AlexanderRoss_VelvetCurtain_STEM_07.wav,otros
AlexanderRoss_VelvetCurtain_STEM_08.wav,otros
AlexanderRoss_VelvetCurtain_STEM_09.wav,otros
AlexanderRoss_VelvetCurtain_STEM_10.wav,guitar
Allegria_MendelssohnMovement1_STEM_01.wav,otros
Allegria_MendelssohnMovement1_STEM_02.wav,otros
Allegria_MendelssohnMovement1_STEM_03.wav,otros
Allegria_MendelssohnMovement1_STEM_04.wav,otros
Allegria_MendelssohnMovement1_STEM_05.wav,otros
AllThatRemains_Chiron_STEM_01.wav,otros
AllThatRemains_Chiron_STEM_02.wav,bass
AllThatRemains_Chiron_STEM_03.wav,guitar
AllThatRemains_Chiron_STEM_05.wav,guitar
AmadeusRedux_MozartAllegro_STEM_01.wav,otros
AmadeusRedux_MozartAllegro_STEM_02.wav,otros
AmadeusRedux_MozartAllegro_STEM_03.wav,otros
AmadeusRedux_MozartAllegro_STEM_04.wav,otros
AmadeusRedux_SchubertMovement2_STEM_01.wav,otros
AmadeusRedux_SchubertMovement2_STEM_02.wav,otros
AmadeusRedux_SchubertMovement2_STEM_03.wav,otros
AmadeusRedux_SchubertMovement2_STEM_04.wav,otros
AmadeusRedux_SchubertMovement3_STEM_01.wav,otros
AmadeusRedux_SchubertMovement3_STEM_02.wav,otros
AmadeusRedux_SchubertMovement3_STEM_03.wav,otros
AmadeusRedux_SchubertMovement3_STEM_04.wav,otros
AmarLal_Rest_STEM_01.wav,guitar
AmarLal_Rest_STEM_02.wav,otros
AmarLal_SpringDay1_STEM_01.wav,guitar
Anberlin_TheFeelGoodDrag_STEM_01.wav,otros
Anberlin_TheFeelGoodDrag_STEM_02.wav,bass
Anberlin_TheFeelGoodDrag_STEM_03.wav,guitar
AnEndlessSporadic_Anything_STEM_01.wav,otros
AnEndlessSporadic_Anything_STEM_02.wav,bass
AnEndlessSporadic_Anything_STEM_03.wav,guitar
AnEndlessSporadic_Anything_STEM_04.wav,guitar
ArcadeFire_BlackMirror_STEM_02.wav,guitar
ArcadeFire_BlackMirror_STEM_03.wav,otros
ArcadeFire_BlackMirror_STEM_04.wav,bass
ArcadeFire_BlackMirror_STEM_05.wav,otros
ArcadeFire_BlackMirror_STEM_07.wav,guitar
ArcticMonkeys_Brainstorm_STEM_01.wav,otros
ArcticMonkeys_Brainstorm_STEM_02.wav,guitar
ArcticMonkeys_Brainstorm_STEM_03.wav,bass
Auctioneer_OurFutureFaces_STEM_01.wav,otros
Auctioneer_OurFutureFaces_STEM_02.wav,bass
Auctioneer_OurFutureFaces_STEM_03.wav,otros
Auctioneer_OurFutureFaces_STEM_04.wav,otros
Auctioneer_OurFutureFaces_STEM_05.wav,guitar
Auctioneer_OurFutureFaces_STEM_06.wav,otros
Auctioneer_OurFutureFaces_STEM_07.wav,otros
Auctioneer_OurFutureFaces_STEM_09.wav,otros
Auctioneer_OurFutureFaces_STEM_10.wav,piano
AvaLuna_Waterduct_STEM_01.wav,bass
AvaLuna_Waterduct_STEM_02.wav,otros
AvaLuna_Waterduct_STEM_03.wav,otros
AvaLuna_Waterduct_STEM_04.wav,otros
AvaLuna_Waterduct_STEM_05.wav,guitar
AvaLuna_Waterduct_STEM_06.wav,otros
AvaLuna_Waterduct_STEM_07.wav,otros
Bach10_01AchGottundHerr_STEM_01.wav,bass
Bach10_01AchGottundHerr_STEM_02.wav,otros
Bach10_01AchGottundHerr_STEM_03.wav,otros
Bach10_01AchGottundHerr_STEM_04.wav,otros
Bach10_02AchLiebenChristen_STEM_01.wav,bass
Bach10_02AchLiebenChristen_STEM_02.wav,otros
Bach10_02AchLiebenChristen_STEM_03.wav,otros
Bach10_02AchLiebenChristen_STEM_04.wav,otros
Bach10_03ChristederdubistTagundLicht_STEM_01.wav,bass
Bach10_03ChristederdubistTagundLicht_STEM_02.wav,otros
Bach10_03ChristederdubistTagundLicht_STEM_03.wav,otros
Bach10_03ChristederdubistTagundLicht_STEM_04.wav,otros
Bach10_04ChristeDuBeistand_STEM_01.wav,bass
Bach10_04ChristeDuBeistand_STEM_02.wav,otros
Bach10_04ChristeDuBeistand_STEM_03.wav,otros
Bach10_04ChristeDuBeistand_STEM_04.wav,otros
Bach10_05DieNacht_STEM_01.wav,bass
Bach10_05DieNacht_STEM_02.wav,otros
Bach10_05DieNacht_STEM_03.wav,otros
Bach10_05DieNacht_STEM_04.wav,otros
Bach10_06DieSonne_STEM_01.wav,bass
Bach10_06DieSonne_STEM_02.wav,otros
Bach10_06DieSonne_STEM_03.wav,otros
Bach10_06DieSonne_STEM_04.wav,otros
Bach10_07HerrGott_STEM_01.wav,bass
Bach10_07HerrGott_STEM_02.wav,otros
Bach10_07HerrGott_STEM_03.wav,otros
Bach10_07HerrGott_STEM_04.wav,otros
Bach10_08FuerDeinenThron_STEM_01.wav,bass
Bach10_08FuerDeinenThron_STEM_02.wav,otros
Bach10_08FuerDeinenThron_STEM_03.wav,otros
Bach10_08FuerDeinenThron_STEM_04.wav,otros
Bach10_09Jesus_STEM_01.wav,bass
Bach10_09Jesus_STEM_02.wav,otros
Bach10_09Jesus_STEM_03.wav,otros
Bach10_09Jesus_STEM_04.wav,otros
Bach10_10NunBitten_STEM_01.wav,bass
Bach10_10NunBitten_STEM_02.wav,otros
Bach10_10NunBitten_STEM_03.wav,otros
Bach10_10NunBitten_STEM_04.wav,otros
BarefootSisters_RedJetta_STEM_01.wav,otros
BarefootSisters_RedJetta_STEM_02.wav,guitar
BarefootSisters_RedJetta_STEM_03.wav,piano
BarefootSisters_RedJetta_STEM_04.wav,otros
BigTroubles_Phantom_STEM_01.wav,bass
BigTroubles_Phantom_STEM_02.wav,otros
BigTroubles_Phantom_STEM_03.wav,guitar
BigTroubles_Phantom_STEM_05.wav,guitar
BigTroubles_Phantom_STEM_07.wav,guitar
BillyIdol_WhiteWedding_STEM_01.wav,otros
BillyIdol_WhiteWedding_STEM_02.wav,bass
BillyIdol_WhiteWedding_STEM_03.wav,guitar
BillyIdol_WhiteWedding_STEM_05.wav,guitar
BillySquier_TheStroke_STEM_01.wav,otros
BillySquier_TheStroke_STEM_02.wav,guitar
BillySquier_TheStroke_STEM_03.wav,bass
BillySquier_TheStroke_STEM_05.wav,otros
BlackEyedPeas_IGottaFeeling_STEM_01.wav,otros
BlackEyedPeas_IGottaFeeling_STEM_02.wav,otros
BlackEyedPeas_IGottaFeeling_STEM_03.wav,guitar
BlackEyedPeas_IGottaFeeling_STEM_04.wav,otros
BlackEyedPeas_IGottaFeeling_STEM_05.wav,otros
BlackEyedPeas_IGottaFeeling_STEM_06.wav,otros
BlackEyedPeas_IGottaFeeling_STEM_07.wav,otros
BlackEyedPeas_IGottaFeeling_STEM_08.wav,otros
BlackEyedPeas_IGottaFeeling_STEM_09.wav,otros
BlackEyedPeas_IGottaFeeling_STEM_10.wav,otros
BlackEyedPeas_IGottaFeeling_STEM_11.wav,otros
BlackEyedPeas_IGottaFeeling_STEM_12.wav,otros
BlackEyedPeas_IGottaFeeling_STEM_13.wav,otros
BlackEyedPeas_IGottaFeeling_STEM_15.wav,otros
BlackSabbath_WarPigs_STEM_01.wav,otros
BlackSabbath_WarPigs_STEM_02.wav,guitar
BlackSabbath_WarPigs_STEM_03.wav,bass
BlackSabbath_WarPigs_STEM_04.wav,otros
Blink182_AllTheSmallThings_STEM_01.wav,otros
Blink182_AllTheSmallThings_STEM_02.wav,bass
Blink182_AllTheSmallThings_STEM_03.wav,guitar
Blondie_OneWayOrAnother_STEM_01.wav,otros
Blondie_OneWayOrAnother_STEM_03.wav,guitar
Blondie_OneWayOrAnother_STEM_04.wav,bass
Blondie_OneWayOrAnother_STEM_05.wav,otros
Blondie_OneWayOrAnother_STEM_06.wav,guitar
BlueOysterCult_DontFearTheReaper_STEM_01.wav,otros
BlueOysterCult_DontFearTheReaper_STEM_02.wav,bass
BlueOysterCult_DontFearTheReaper_STEM_03.wav,guitar
BobSeger_OldTimeRockAndRoll_STEM_01.wav,otros
BobSeger_OldTimeRockAndRoll_STEM_02.wav,guitar
BobSeger_OldTimeRockAndRoll_STEM_03.wav,bass
BobSeger_OldTimeRockAndRoll_STEM_05.wav,piano
Boston_MoreThanAFeeling_STEM_01.wav,otros
Boston_MoreThanAFeeling_STEM_02.wav,guitar
Boston_MoreThanAFeeling_STEM_03.wav,bass
Boston_MoreThanAFeeling_STEM_04.wav,otros
BradPaisley_MudOnTheTires_STEM_01.wav,otros
BradPaisley_MudOnTheTires_STEM_02.wav,guitar
BradPaisley_MudOnTheTires_STEM_03.wav,bass
BradPaisley_MudOnTheTires_STEM_04.wav,otros
BrandonWebster_DontHearAThing_STEM_01.wav,otros
BrandonWebster_DontHearAThing_STEM_03.wav,piano
BrandonWebster_YesSirICanFly_STEM_01.wav,piano
BrooksDunn_HillbillyDeluxe_STEM_01.wav,otros
BrooksDunn_HillbillyDeluxe_STEM_02.wav,guitar
BrooksDunn_HillbillyDeluxe_STEM_03.wav,bass
BrooksDunn_HillbillyDeluxe_STEM_05.wav,otros
BrunoMars_Grenade_STEM_01.wav,otros
BrunoMars_Grenade_STEM_02.wav,bass
BrunoMars_Grenade_STEM_03.wav,otros
BrunoMars_Grenade_STEM_04.wav,otros
BrunoMars_Grenade_STEM_05.wav,piano
BrunoMars_Grenade_STEM_06.wav,guitar
BrunoMars_JustTheWayYouAre_STEM_01.wav,otros
BrunoMars_JustTheWayYouAre_STEM_02.wav,piano
BrunoMars_JustTheWayYouAre_STEM_03.wav,bass
BrunoMars_JustTheWayYouAre_STEM_05.wav,otros
BrunoMars_JustTheWayYouAre_STEM_06.wav,otros
BrunoMars_MarryYou_STEM_01.wav,otros
BrunoMars_MarryYou_STEM_02.wav,guitar
BrunoMars_MarryYou_STEM_03.wav,bass
BrunoMars_MarryYou_STEM_04.wav,otros
BrunoMars_MarryYou_STEM_05.wav,otros
BryanAdams_SummerOf69_STEM_01.wav,otros
BryanAdams_SummerOf69_STEM_02.wav,guitar
BryanAdams_SummerOf69_STEM_03.wav,bass
BryanAdams_SummerOf69_STEM_04.wav,otros
Bush_Machinehead_STEM_01.wav,otros
Bush_Machinehead_STEM_02.wav,guitar
Bush_Machinehead_STEM_03.wav,bass
Bush_Machinehead_STEM_04.wav,otros
CarlDouglas_KungFuFighting_STEM_01.wav,otros
CarlDouglas_KungFuFighting_STEM_02.wav,otros
CarlDouglas_KungFuFighting_STEM_03.wav,bass
CarlDouglas_KungFuFighting_STEM_05.wav,otros
CarrieUnderwood_HomeSweetHome_STEM_01.wav,otros
CarrieUnderwood_HomeSweetHome_STEM_02.wav,guitar
CarrieUnderwood_HomeSweetHome_STEM_03.wav,bass
CarrieUnderwood_HomeSweetHome_STEM_04.wav,piano
CarrieUnderwood_HomeSweetHome_STEM_05.wav,guitar
CarrieUnderwood_HomeSweetHome_STEM_07.wav,otros
CassandraJenkins_PerfectDay_STEM_01.wav,otros
CassandraJenkins_PerfectDay_STEM_02.wav,bass
CassandraJenkins_PerfectDay_STEM_03.wav,piano
CassandraJenkins_PerfectDay_STEM_04.wav,otros
CassandraJenkins_PerfectDay_STEM_05.wav,otros
CassandraJenkins_PerfectDay_STEM_06.wav,guitar
CassandraJenkins_PerfectDay_STEM_08.wav,guitar
CassandraJenkins_PerfectDay_STEM_09.wav,otros
CatMartino_IPromise_STEM_01.wav,otros
CatMartino_IPromise_STEM_02.wav,otros
CatMartino_IPromise_STEM_03.wav,otros
CatMartino_IPromise_STEM_04.wav,otros
CatMartino_IPromise_STEM_05.wav,otros
CatMartino_IPromise_STEM_07.wav,otros
CatMartino_IPromise_STEM_09.wav,otros
CatMartino_IPromise_STEM_10.wav,otros
Cayetana_MissThing_STEM_01.wav,otros
Cayetana_MissThing_STEM_02.wav,guitar
Cayetana_MissThing_STEM_03.wav,guitar
Cayetana_MissThing_STEM_04.wav,bass
Cayetana_MissThing_STEM_06.wav,guitar
CeeloGreen_ForgetYou_STEM_01.wav,otros
CeeloGreen_ForgetYou_STEM_02.wav,guitar
CeeloGreen_ForgetYou_STEM_03.wav,bass
CeeloGreen_ForgetYou_STEM_04.wav,piano
CeeloGreen_ForgetYou_STEM_05.wav,otros
CeeloGreen_ForgetYou_STEM_07.wav,otros
CelestialShore_DieForUs_STEM_03.wav,bass
CelestialShore_DieForUs_STEM_04.wav,otros
CelestialShore_DieForUs_STEM_05.wav,guitar
CelestialShore_DieForUs_STEM_06.wav,otros
CelestialShore_DieForUs_STEM_07.wav,piano
CelestialShore_DieForUs_STEM_08.wav,guitar
CelestialShore_DieForUs_STEM_09.wav,otros
CheapTrick_IWantYouToWantMe_STEM_01.wav,otros
CheapTrick_IWantYouToWantMe_STEM_02.wav,guitar
CheapTrick_IWantYouToWantMe_STEM_03.wav,bass
CheapTrick_IWantYouToWantMe_STEM_05.wav,guitar
CherryPoppinDaddies_ZootSuitRiot_STEM_01.wav,otros
CherryPoppinDaddies_ZootSuitRiot_STEM_02.wav,otros
CherryPoppinDaddies_ZootSuitRiot_STEM_03.wav,bass
CherryPoppinDaddies_ZootSuitRiot_STEM_04.wav,guitar
CherryPoppinDaddies_ZootSuitRiot_STEM_05.wav,otros
CherryPoppinDaddies_ZootSuitRiot_STEM_07.wav,piano
ChrisBrown_Yeah_STEM_01.wav,otros
ChrisBrown_Yeah_STEM_03.wav,bass
ChrisBrown_Yeah_STEM_04.wav,otros
ChrisJacoby_BoothShotLincoln_STEM_01.wav,otros
ChrisJacoby_BoothShotLincoln_STEM_02.wav,otros
ChrisJacoby_BoothShotLincoln_STEM_03.wav,guitar
ChrisJacoby_BoothShotLincoln_STEM_04.wav,otros
ChrisJacoby_PigsFoot_STEM_01.wav,otros
ChrisJacoby_PigsFoot_STEM_02.wav,otros
ChrisJacoby_PigsFoot_STEM_03.wav,bass
ChrisJacoby_PigsFoot_STEM_04.wav,otros
ChristinaAguilera_GenieInABottle_STEM_01.wav,otros
ChristinaAguilera_GenieInABottle_STEM_02.wav,guitar
ChristinaAguilera_GenieInABottle_STEM_03.wav,bass
ChristinaAguilera_GenieInABottle_STEM_04.wav,otros
ChristinaAguilera_GenieInABottle_STEM_05.wav,otros
ChristinaAguilera_GenieInABottle_STEM_06.wav,piano
ChristinaAguilera_GenieInABottle_STEM_07.wav,otros
ChristinaAguilera_GenieInABottle_STEM_09.wav,otros
Chromeo_Tenderoni_STEM_01.wav,otros
Chromeo_Tenderoni_STEM_02.wav,otros
Chromeo_Tenderoni_STEM_03.wav,otros
Chromeo_Tenderoni_STEM_04.wav,guitar
Chromeo_Tenderoni_STEM_05.wav,otros
Chumbawamba_Tubthumping_STEM_01.wav,otros
Chumbawamba_Tubthumping_STEM_02.wav,guitar
Chumbawamba_Tubthumping_STEM_03.wav,otros
Chumbawamba_Tubthumping_STEM_04.wav,otros
Chumbawamba_Tubthumping_STEM_05.wav,otros
Chumbawamba_Tubthumping_STEM_06.wav,otros
ClaraBerryAndWooldog_AirTraffic_STEM_01.wav,otros
ClaraBerryAndWooldog_AirTraffic_STEM_02.wav,otros
ClaraBerryAndWooldog_AirTraffic_STEM_03.wav,bass
ClaraBerryAndWooldog_AirTraffic_STEM_04.wav,guitar
ClaraBerryAndWooldog_AirTraffic_STEM_05.wav,guitar
ClaraBerryAndWooldog_AirTraffic_STEM_06.wav,piano
ClaraBerryAndWooldog_Boys_STEM_01.wav,otros
ClaraBerryAndWooldog_Boys_STEM_02.wav,otros
ClaraBerryAndWooldog_Boys_STEM_03.wav,otros
ClaraBerryAndWooldog_Boys_STEM_04.wav,otros
ClaraBerryAndWooldog_Boys_STEM_05.wav,piano
ClaraBerryAndWooldog_Boys_STEM_07.wav,otros
ClaraBerryAndWooldog_Boys_STEM_08.wav,otros
ClaraBerryAndWooldog_Boys_STEM_09.wav,piano
ClaraBerryAndWooldog_Stella_STEM_01.wav,otros
ClaraBerryAndWooldog_Stella_STEM_02.wav,otros
ClaraBerryAndWooldog_Stella_STEM_03.wav,otros
ClaraBerryAndWooldog_Stella_STEM_04.wav,bass
ClaraBerryAndWooldog_Stella_STEM_05.wav,piano
ClaraBerryAndWooldog_Stella_STEM_06.wav,otros
ClaraBerryAndWooldog_Stella_STEM_08.wav,otros
ClaraBerryAndWooldog_TheBadGuys_STEM_01.wav,piano
ClaraBerryAndWooldog_WaltzForMyVictims_STEM_01.wav,otros
ClaraBerryAndWooldog_WaltzForMyVictims_STEM_02.wav,bass
ClaraBerryAndWooldog_WaltzForMyVictims_STEM_03.wav,piano
ClaraBerryAndWooldog_WaltzForMyVictims_STEM_04.wav,otros
Coldplay_InMyPlace_STEM_01.wav,otros
Coldplay_InMyPlace_STEM_03.wav,otros
Coldplay_InMyPlace_STEM_04.wav,guitar
Coldplay_Shiver_STEM_01.wav,otros
Coldplay_Shiver_STEM_02.wav,bass
Coldplay_Shiver_STEM_03.wav,guitar
Coldplay_Shiver_STEM_04.wav,otros
ColdWarKids_HangMeUpToDry_STEM_01.wav,otros
ColdWarKids_HangMeUpToDry_STEM_02.wav,guitar
ColdWarKids_HangMeUpToDry_STEM_03.wav,bass
ColdWarKids_HangMeUpToDry_STEM_05.wav,otros
CorinneBaileyRae_PutYourRecordsOn_STEM_01.wav,otros
CorinneBaileyRae_PutYourRecordsOn_STEM_02.wav,guitar
CorinneBaileyRae_PutYourRecordsOn_STEM_03.wav,bass
CorinneBaileyRae_PutYourRecordsOn_STEM_05.wav,otros
CountingCrows_AccidentallyInLove_STEM_01.wav,otros
CountingCrows_AccidentallyInLove_STEM_02.wav,guitar
CountingCrows_AccidentallyInLove_STEM_03.wav,bass
CountingCrows_AccidentallyInLove_STEM_04.wav,otros
CountZero_Shake_STEM_01.wav,otros
CountZero_Shake_STEM_02.wav,guitar
CountZero_Shake_STEM_03.wav,bass
CountZero_Shake_STEM_04.wav,otros
CrazyFrog_JingleBells_STEM_01.wav,otros
CrazyFrog_JingleBells_STEM_02.wav,otros
CrazyFrog_JingleBells_STEM_03.wav,otros
CrazyFrog_JingleBells_STEM_04.wav,otros
CrazyFrog_JingleBells_STEM_05.wav,otros
CrazyFrog_JingleBells_STEM_06.wav,otros
CrazyFrog_JingleBells_STEM_07.wav,otros
CrazyFrog_JingleBells_STEM_08.wav,otros
CrazyFrog_JingleBells_STEM_09.wav,guitar
CrazyFrog_JingleBells_STEM_10.wav,otros
Creepoid_OldTree_STEM_01.wav,otros
Creepoid_OldTree_STEM_02.wav,bass
Creepoid_OldTree_STEM_03.wav,otros
Creepoid_OldTree_STEM_04.wav,otros
Creepoid_OldTree_STEM_05.wav,guitar
Creepoid_OldTree_STEM_06.wav,guitar
Creepoid_OldTree_STEM_10.wav,otros
CroqueMadame_Oil_STEM_01.wav,piano
CroqueMadame_Oil_STEM_02.wav,guitar
CroqueMadame_Oil_STEM_03.wav,bass
CroqueMadame_Oil_STEM_04.wav,otros
CroqueMadame_Pilot_STEM_01.wav,piano
CroqueMadame_Pilot_STEM_02.wav,guitar
CroqueMadame_Pilot_STEM_03.wav,bass
CroqueMadame_Pilot_STEM_04.wav,otros
DahkaBand_SoldierMan_STEM_01.wav,otros
DahkaBand_SoldierMan_STEM_02.wav,otros
DahkaBand_SoldierMan_STEM_04.wav,guitar
DahkaBand_SoldierMan_STEM_05.wav,bass
DeadMilkmen_PrisonersCinema_STEM_01.wav,guitar
DeadMilkmen_PrisonersCinema_STEM_02.wav,otros
DeadMilkmen_PrisonersCinema_STEM_03.wav,otros
DeadMilkmen_PrisonersCinema_STEM_04.wav,otros
DeadMilkmen_PrisonersCinema_STEM_05.wav,otros
DeadMilkmen_PrisonersCinema_STEM_06.wav,otros
DeadMilkmen_PrisonersCinema_STEM_07.wav,otros
DeadMilkmen_PrisonersCinema_STEM_08.wav,otros
DeadMilkmen_PrisonersCinema_STEM_09.wav,guitar
DeadMilkmen_PrisonersCinema_STEM_10.wav,guitar
DeadMilkmen_PrisonersCinema_STEM_11.wav,bass
DeadMilkmen_PrisonersCinema_STEM_13.wav,guitar
DeadMilkmen_PrisonersCinema_STEM_14.wav,otros
DeadMilkmen_PrisonersCinema_STEM_15.wav,otros
Debussy_LenfantProdigue_STEM_02.wav,piano
DeclareAString_MendelssohnPianoTrio1Movement1_STEM_01.wav,piano
DeclareAString_MendelssohnPianoTrio1Movement1_STEM_02.wav,otros
DeclareAString_MendelssohnPianoTrio1Movement1_STEM_03.wav,otros
DeclareAString_MendelssohnPianoTrio1Movement1_STEM_04.wav,otros
DeclareAString_MendelssohnPianoTrio1Movement2_STEM_01.wav,otros
DeclareAString_MendelssohnPianoTrio1Movement2_STEM_02.wav,otros
DeclareAString_MendelssohnPianoTrio1Movement2_STEM_03.wav,otros
DeclareAString_MendelssohnPianoTrio1Movement2_STEM_04.wav,piano
DreamersOfTheGhetto_HeavyLove_STEM_01.wav,bass
DreamersOfTheGhetto_HeavyLove_STEM_02.wav,otros
DreamersOfTheGhetto_HeavyLove_STEM_03.wav,otros
DreamersOfTheGhetto_HeavyLove_STEM_04.wav,otros
DreamersOfTheGhetto_HeavyLove_STEM_05.wav,otros
DreamersOfTheGhetto_HeavyLove_STEM_07.wav,otros
DreamersOfTheGhetto_HeavyLove_STEM_09.wav,otros
EthanHein_1930sSynthAndUprightBass_STEM_01.wav,otros
EthanHein_1930sSynthAndUprightBass_STEM_02.wav,otros
EthanHein_1930sSynthAndUprightBass_STEM_03.wav,otros
EthanHein_1930sSynthAndUprightBass_STEM_04.wav,bass
EthanHein_BluesForNofi_STEM_01.wav,otros
EthanHein_BluesForNofi_STEM_02.wav,bass
EthanHein_GirlOnABridge_STEM_01.wav,otros
EthanHein_GirlOnABridge_STEM_02.wav,piano
EthanHein_GirlOnABridge_STEM_03.wav,otros
EthanHein_GirlOnABridge_STEM_04.wav,otros
EthanHein_GirlOnABridge_STEM_05.wav,guitar
EthanHein_HarmonicaFigure_STEM_01.wav,otros
EthanHein_HarmonicaFigure_STEM_02.wav,otros
EthanHein_HarmonicaFigure_STEM_03.wav,otros
EthanHein_HarmonicaFigure_STEM_04.wav,otros
EthanHein_HarmonicaFigure_STEM_05.wav,otros
FacesOnFilm_WaitingForGa_STEM_01.wav,guitar
FacesOnFilm_WaitingForGa_STEM_02.wav,bass
FacesOnFilm_WaitingForGa_STEM_04.wav,otros
FacesOnFilm_WaitingForGa_STEM_05.wav,guitar
FacesOnFilm_WaitingForGa_STEM_06.wav,guitar
FacesOnFilm_WaitingForGa_STEM_07.wav,otros
FacesOnFilm_WaitingForGa_STEM_08.wav,otros
FacesOnFilm_WaitingForGa_STEM_09.wav,otros
FacesOnFilm_WaitingForGa_STEM_10.wav,otros
FacesOnFilm_WaitingForGa_STEM_11.wav,otros
FallingSparks_Improvisation1_STEM_01.wav,bass
FallingSparks_Improvisation1_STEM_02.wav,otros
FallingSparks_Improvisation1_STEM_03.wav,otros
FallingSparks_Improvisation1_STEM_04.wav,otros
FallingSparks_Improvisation2_STEM_01.wav,otros
FallingSparks_Improvisation2_STEM_02.wav,bass
FallingSparks_Improvisation2_STEM_03.wav,otros
FallingSparks_Improvisation2_STEM_04.wav,otros
FallingSparks_Improvisation3_STEM_01.wav,bass
FallingSparks_Improvisation3_STEM_02.wav,otros
FallingSparks_Improvisation3_STEM_03.wav,otros
FallingSparks_Improvisation3_STEM_04.wav,otros
FallingSparks_PakKlongTalad_STEM_01.wav,otros
FallingSparks_PakKlongTalad_STEM_02.wav,otros
FallingSparks_PakKlongTalad_STEM_03.wav,bass
FallingSparks_PakKlongTalad_STEM_04.wav,otros
FamilyBand_Again_STEM_01.wav,bass
FamilyBand_Again_STEM_02.wav,otros
FamilyBand_Again_STEM_03.wav,otros
FamilyBand_Again_STEM_04.wav,guitar
FamilyBand_Again_STEM_05.wav,guitar
FamilyBand_Again_STEM_06.wav,guitar
FamilyBand_Again_STEM_07.wav,guitar
FamilyBand_Again_STEM_08.wav,guitar
FamilyBand_Again_STEM_10.wav,otros
FamilyBand_Again_STEM_11.wav,otros
FennelCartwright_DearTessie_STEM_01.wav,otros
FennelCartwright_DearTessie_STEM_02.wav,otros
FennelCartwright_DearTessie_STEM_03.wav,otros
FennelCartwright_DearTessie_STEM_04.wav,otros
FennelCartwright_DearTessie_STEM_05.wav,otros
FennelCartwright_DearTessie_STEM_06.wav,bass
FennelCartwright_FlowerDrumSong_STEM_01.wav,otros
FennelCartwright_FlowerDrumSong_STEM_02.wav,otros
FennelCartwright_FlowerDrumSong_STEM_03.wav,otros
FennelCartwright_FlowerDrumSong_STEM_04.wav,bass
FennelCartwright_FlowerDrumSong_STEM_05.wav,otros
FennelCartwright_WinterLake_STEM_01.wav,bass
FennelCartwright_WinterLake_STEM_02.wav,otros
FennelCartwright_WinterLake_STEM_03.wav,otros
FennelCartwright_WinterLake_STEM_04.wav,otros
FennelCartwright_WinterLake_STEM_05.wav,otros
FennelCartwright_WinterLake_STEM_06.wav,otros
FilthyBird_IdLikeToKnow_STEM_01.wav,guitar
FilthyBird_IdLikeToKnow_STEM_03.wav,otros
FilthyBird_IdLikeToKnow_STEM_04.wav,guitar
FilthyBird_IdLikeToKnow_STEM_05.wav,otros
FilthyBird_IdLikeToKnow_STEM_06.wav,guitar
FilthyBird_IdLikeToKnow_STEM_07.wav,guitar
FilthyBird_IdLikeToKnow_STEM_08.wav,bass
FilthyBird_IdLikeToKnow_STEM_10.wav,guitar
FleetwoodMac_Rhiannon_STEM_01.wav,otros
FleetwoodMac_Rhiannon_STEM_02.wav,otros
FleetwoodMac_Rhiannon_STEM_03.wav,bass
FleetwoodMac_Rhiannon_STEM_04.wav,guitar
FleetwoodMac_Rhiannon_STEM_05.wav,guitar
FlightOfTheConcords_BusinessTime_STEM_01.wav,otros
FlightOfTheConcords_BusinessTime_STEM_02.wav,guitar
FlightOfTheConcords_BusinessTime_STEM_03.wav,bass
FlightOfTheConcords_BusinessTime_STEM_04.wav,otros
FooFighters_AllMyLife_STEM_01.wav,otros
FooFighters_AllMyLife_STEM_02.wav,guitar
FooFighters_AllMyLife_STEM_03.wav,bass
FooFighters_AllMyLife_STEM_04.wav,otros
FruitCathedral_KeepMeRunnin_STEM_01.wav,otros
FruitCathedral_KeepMeRunnin_STEM_02.wav,guitar
FruitCathedral_KeepMeRunnin_STEM_03.wav,guitar
FruitCathedral_KeepMeRunnin_STEM_04.wav,otros
FruitCathedral_KeepMeRunnin_STEM_05.wav,otros
FruitCathedral_KeepMeRunnin_STEM_06.wav,bass
Grants_PunchDrunk_STEM_01.wav,otros
Grants_PunchDrunk_STEM_02.wav,bass
Grants_PunchDrunk_STEM_03.wav,otros
Grants_PunchDrunk_STEM_04.wav,otros
Grants_PunchDrunk_STEM_05.wav,otros
Grants_PunchDrunk_STEM_06.wav,otros
Grants_PunchDrunk_STEM_07.wav,otros
Grants_PunchDrunk_STEM_08.wav,otros
Grants_PunchDrunk_STEM_09.wav,piano
Grants_PunchDrunk_STEM_10.wav,otros
Handel_TornamiAVagheggiar_STEM_02.wav,piano
HeladoNegro_MitadDelMundo_STEM_01.wav,otros
HeladoNegro_MitadDelMundo_STEM_02.wav,otros
HeladoNegro_MitadDelMundo_STEM_04.wav,otros
HeladoNegro_MitadDelMundo_STEM_05.wav,otros
HeladoNegro_MitadDelMundo_STEM_06.wav,otros
HeladoNegro_MitadDelMundo_STEM_07.wav,otros
HeladoNegro_MitadDelMundo_STEM_09.wav,otros
HeladoNegro_MitadDelMundo_STEM_10.wav,piano
HezekiahJones_BorrowedHeart_STEM_01.wav,guitar
HezekiahJones_BorrowedHeart_STEM_02.wav,otros
HezekiahJones_BorrowedHeart_STEM_03.wav,otros
HezekiahJones_BorrowedHeart_STEM_04.wav,bass
HezekiahJones_BorrowedHeart_STEM_05.wav,otros
HezekiahJones_BorrowedHeart_STEM_06.wav,otros
HezekiahJones_BorrowedHeart_STEM_07.wav,otros
HezekiahJones_BorrowedHeart_STEM_08.wav,otros
HezekiahJones_BorrowedHeart_STEM_09.wav,otros
HezekiahJones_BorrowedHeart_STEM_11.wav,otros
HezekiahJones_BorrowedHeart_STEM_12.wav,guitar
HopAlong_SisterCities_STEM_01.wav,guitar
HopAlong_SisterCities_STEM_02.wav,bass
HopAlong_SisterCities_STEM_03.wav,otros
HopAlong_SisterCities_STEM_04.wav,otros
HopAlong_SisterCities_STEM_05.wav,otros
HopAlong_SisterCities_STEM_06.wav,guitar
HopAlong_SisterCities_STEM_08.wav,guitar
HopsNVinyl_ChickenFriedSteak_STEM_01.wav,otros
HopsNVinyl_ChickenFriedSteak_STEM_02.wav,otros
HopsNVinyl_ChickenFriedSteak_STEM_03.wav,otros
HopsNVinyl_ChickenFriedSteak_STEM_04.wav,bass
HopsNVinyl_ChickenFriedSteak_STEM_05.wav,otros
HopsNVinyl_HoneyBrown_STEM_01.wav,otros
HopsNVinyl_HoneyBrown_STEM_02.wav,otros
HopsNVinyl_HoneyBrown_STEM_03.wav,otros
HopsNVinyl_HoneyBrown_STEM_04.wav,otros
HopsNVinyl_HoneyBrown_STEM_05.wav,bass
HopsNVinyl_ReignCheck_STEM_01.wav,otros
HopsNVinyl_ReignCheck_STEM_02.wav,otros
HopsNVinyl_ReignCheck_STEM_03.wav,otros
HopsNVinyl_ReignCheck_STEM_04.wav,bass
HopsNVinyl_ReignCheck_STEM_05.wav,otros
HopsNVinyl_WidowsWalk_STEM_01.wav,otros
HopsNVinyl_WidowsWalk_STEM_02.wav,otros
HopsNVinyl_WidowsWalk_STEM_03.wav,otros
HopsNVinyl_WidowsWalk_STEM_04.wav,bass
HopsNVinyl_WidowsWalk_STEM_05.wav,otros
Incubus_Drive_STEM_01.wav,otros
Incubus_Drive_STEM_02.wav,guitar
Incubus_Drive_STEM_03.wav,bass
Incubus_Drive_STEM_05.wav,otros
InvisibleFamiliars_DisturbingWildlife_STEM_01.wav,bass
InvisibleFamiliars_DisturbingWildlife_STEM_02.wav,otros
InvisibleFamiliars_DisturbingWildlife_STEM_03.wav,otros
InvisibleFamiliars_DisturbingWildlife_STEM_04.wav,otros
InvisibleFamiliars_DisturbingWildlife_STEM_05.wav,guitar
InvisibleFamiliars_DisturbingWildlife_STEM_06.wav,otros
InvisibleFamiliars_DisturbingWildlife_STEM_07.wav,otros
InvisibleFamiliars_DisturbingWildlife_STEM_08.wav,otros
InvisibleFamiliars_DisturbingWildlife_STEM_10.wav,piano
Inxs_NeedYouTonight_STEM_01.wav,otros
Inxs_NeedYouTonight_STEM_02.wav,guitar
Inxs_NeedYouTonight_STEM_03.wav,otros
Inxs_NeedYouTonight_STEM_04.wav,otros
Inxs_NeedYouTonight_STEM_05.wav,otros
JoelHelander_Definition_STEM_01.wav,piano
JoelHelander_Definition_STEM_02.wav,otros
JoelHelander_Definition_STEM_03.wav,otros
JoelHelander_Definition_STEM_04.wav,otros
JoelHelander_Definition_STEM_05.wav,otros
JoelHelander_Definition_STEM_06.wav,otros
JoelHelander_Definition_STEM_07.wav,otros
JoelHelander_Definition_STEM_08.wav,otros
JoelHelander_Definition_STEM_09.wav,otros
JoelHelander_Definition_STEM_10.wav,otros
JoelHelander_Definition_STEM_11.wav,otros
JoelHelander_Definition_STEM_12.wav,bass
JoelHelander_Definition_STEM_13.wav,otros
JoelHelander_Definition_STEM_14.wav,otros
JoelHelander_Definition_STEM_15.wav,otros
JoelHelander_ExcessiveResistancetoChange_STEM_01.wav,piano
JoelHelander_ExcessiveResistancetoChange_STEM_02.wav,piano
JoelHelander_ExcessiveResistancetoChange_STEM_03.wav,piano
JoelHelander_ExcessiveResistancetoChange_STEM_04.wav,piano
JoelHelander_ExcessiveResistancetoChange_STEM_05.wav,bass
JoelHelander_ExcessiveResistancetoChange_STEM_06.wav,otros
JoelHelander_ExcessiveResistancetoChange_STEM_07.wav,otros
JoelHelander_ExcessiveResistancetoChange_STEM_08.wav,otros
JoelHelander_ExcessiveResistancetoChange_STEM_09.wav,guitar
JoelHelander_ExcessiveResistancetoChange_STEM_10.wav,otros
JoelHelander_ExcessiveResistancetoChange_STEM_11.wav,bass
JoelHelander_ExcessiveResistancetoChange_STEM_12.wav,otros
JoelHelander_ExcessiveResistancetoChange_STEM_13.wav,otros
JoelHelander_ExcessiveResistancetoChange_STEM_14.wav,otros
JoelHelander_ExcessiveResistancetoChange_STEM_15.wav,otros
JoelHelander_IntheAtticBedroom_STEM_01.wav,otros
JoelHelander_IntheAtticBedroom_STEM_02.wav,otros
JoelHelander_IntheAtticBedroom_STEM_03.wav,otros
JoelHelander_IntheAtticBedroom_STEM_04.wav,otros
JoelHelander_IntheAtticBedroom_STEM_05.wav,otros
KaiserChiefs_Ruby_STEM_01.wav,otros
KaiserChiefs_Ruby_STEM_02.wav,guitar
KaiserChiefs_Ruby_STEM_03.wav,bass
KaiserChiefs_Ruby_STEM_04.wav,otros
Kansas_CarryOnMyWaywardSon_STEM_01.wav,otros
Kansas_CarryOnMyWaywardSon_STEM_02.wav,guitar
Kansas_CarryOnMyWaywardSon_STEM_03.wav,bass
Kansas_CarryOnMyWaywardSon_STEM_04.wav,otros
Kansas_CarryOnMyWaywardSon_STEM_05.wav,otros
Kansas_CarryOnMyWaywardSon_STEM_06.wav,otros
KanyeWest_LoveLockdown_STEM_01.wav,otros
KanyeWest_LoveLockdown_STEM_02.wav,otros
KanyeWest_LoveLockdown_STEM_03.wav,otros
KanyeWest_LoveLockdown_STEM_04.wav,otros
KanyeWest_LoveLockdown_STEM_05.wav,piano
Karachacha_Volamos_STEM_01.wav,otros
Karachacha_Volamos_STEM_02.wav,guitar
Karachacha_Volamos_STEM_03.wav,otros
Karachacha_Volamos_STEM_04.wav,otros
Karachacha_Volamos_STEM_05.wav,otros
Karachacha_Volamos_STEM_06.wav,bass
KarimDouaidy_Hopscotch_STEM_01.wav,bass
KarimDouaidy_Hopscotch_STEM_02.wav,guitar
KarimDouaidy_Hopscotch_STEM_03.wav,otros
KarimDouaidy_Hopscotch_STEM_04.wav,otros
KarimDouaidy_Hopscotch_STEM_05.wav,otros
KarimDouaidy_Hopscotch_STEM_06.wav,guitar
KarimDouaidy_Hopscotch_STEM_07.wav,otros
KarimDouaidy_Hopscotch_STEM_08.wav,otros
KarimDouaidy_Hopscotch_STEM_09.wav,piano
KarimDouaidy_Yatora_STEM_01.wav,otros
KarimDouaidy_Yatora_STEM_02.wav,guitar
KarimDouaidy_Yatora_STEM_03.wav,otros
KarimDouaidy_Yatora_STEM_04.wav,bass
KarimDouaidy_Yatora_STEM_05.wav,piano
Katzn_CharlieKnox_STEM_01.wav,otros
Katzn_CharlieKnox_STEM_02.wav,piano
Katzn_CharlieKnox_STEM_03.wav,otros
Katzn_CharlieKnox_STEM_04.wav,otros
Katzn_CharlieKnox_STEM_05.wav,otros
Katzn_CharlieKnox_STEM_06.wav,otros
KeithUrban_IToldYouSo_STEM_01.wav,otros
KeithUrban_IToldYouSo_STEM_02.wav,guitar
KeithUrban_IToldYouSo_STEM_03.wav,bass
KeithUrban_IToldYouSo_STEM_04.wav,otros
KennyChesney_SheThinksMyTractorsSexy_STEM_01.wav,otros
KennyChesney_SheThinksMyTractorsSexy_STEM_02.wav,guitar
KennyChesney_SheThinksMyTractorsSexy_STEM_03.wav,bass
KennyChesney_SheThinksMyTractorsSexy_STEM_04.wav,otros
KingsOfLeon_SexOnFire_STEM_01.wav,otros
KingsOfLeon_SexOnFire_STEM_02.wav,bass
KingsOfLeon_SexOnFire_STEM_03.wav,guitar
Kiss_RockAndRollAllNite_STEM_01.wav,otros
Kiss_RockAndRollAllNite_STEM_02.wav,guitar
Kiss_RockAndRollAllNite_STEM_03.wav,bass
Kiss_RockAndRollAllNite_STEM_04.wav,otros
Knack_MySharona_STEM_01.wav,otros
Knack_MySharona_STEM_02.wav,guitar
Knack_MySharona_STEM_03.wav,bass
Knack_MySharona_STEM_04.wav,otros
Korn_FreakOnALeash_STEM_01.wav,otros
Korn_FreakOnALeash_STEM_02.wav,bass
Korn_FreakOnALeash_STEM_03.wav,guitar
Korn_FreakOnALeash_STEM_04.wav,otros
Korn_FreakOnALeash_STEM_06.wav,otros
KtTunstall_BlackHorseAndTheCherryTree_STEM_01.wav,otros
KtTunstall_BlackHorseAndTheCherryTree_STEM_02.wav,guitar
KtTunstall_BlackHorseAndTheCherryTree_STEM_03.wav,bass
KtTunstall_BlackHorseAndTheCherryTree_STEM_05.wav,otros
KtTunstall_SuddenlyISee_STEM_01.wav,otros
KtTunstall_SuddenlyISee_STEM_02.wav,guitar
KtTunstall_SuddenlyISee_STEM_03.wav,bass
KtTunstall_SuddenlyISee_STEM_04.wav,otros
LadyGagaFeaturingBeyonce_Telephone_STEM_01.wav,otros
LadyGagaFeaturingBeyonce_Telephone_STEM_02.wav,otros
LadyGagaFeaturingBeyonce_Telephone_STEM_03.wav,otros
LadyGagaFeaturingBeyonce_Telephone_STEM_04.wav,otros
LadyGagaFeaturingBeyonce_Telephone_STEM_05.wav,otros
LadyGagaFeaturingBeyonce_Telephone_STEM_06.wav,otros
LadyGagaFeaturingBeyonce_Telephone_STEM_07.wav,otros
LadyGagaFeaturingBeyonce_Telephone_STEM_08.wav,otros
LadyGagaFeaturingBeyonce_Telephone_STEM_10.wav,otros
LadyGaga_BadRomance_STEM_01.wav,otros
LadyGaga_BadRomance_STEM_03.wav,otros
LadyGaga_BadRomance_STEM_04.wav,otros
LadyGaga_BornThisWay_STEM_01.wav,otros
LadyGaga_BornThisWay_STEM_02.wav,otros
LadyGaga_BornThisWay_STEM_03.wav,otros
LadyGaga_BornThisWay_STEM_04.wav,otros
LadyGaga_BornThisWay_STEM_05.wav,otros
LambOfGod_Requiem_STEM_01.wav,otros
LambOfGod_Requiem_STEM_02.wav,guitar
LambOfGod_Requiem_STEM_03.wav,bass
LambOfGod_Requiem_STEM_04.wav,guitar
LambOfGod_Requiem_STEM_05.wav,guitar
LambOfGod_Requiem_STEM_07.wav,otros
LambOfGod_Requiem_STEM_08.wav,otros
LaRoux_Bulletproof_STEM_01.wav,otros
LaRoux_Bulletproof_STEM_02.wav,otros
LaRoux_Bulletproof_STEM_03.wav,otros
LaRoux_Bulletproof_STEM_04.wav,otros
LaRoux_Bulletproof_STEM_05.wav,otros
LaRoux_Bulletproof_STEM_07.wav,otros
LaRoux_Bulletproof_STEM_08.wav,otros
LaRoux_Bulletproof_STEM_09.wav,otros
LaRoux_Bulletproof_STEM_10.wav,otros
LaRoux_Bulletproof_STEM_11.wav,otros
LennyKravitz_AreYouGonnaGoMyWay_STEM_01.wav,otros
LennyKravitz_AreYouGonnaGoMyWay_STEM_02.wav,guitar
LennyKravitz_AreYouGonnaGoMyWay_STEM_03.wav,guitar
LennyKravitz_AreYouGonnaGoMyWay_STEM_05.wav,bass
LennyKravitz_AreYouGonnaGoMyWay_STEM_06.wav,otros
LennyKravitz_AreYouGonnaGoMyWay_STEM_07.wav,otros
LewisAndClarke_TheSilverSea_STEM_02.wav,otros
LewisAndClarke_TheSilverSea_STEM_03.wav,otros
LewisAndClarke_TheSilverSea_STEM_04.wav,guitar
LewisAndClarke_TheSilverSea_STEM_05.wav,otros
LewisAndClarke_TheSilverSea_STEM_06.wav,otros
LewisAndClarke_TheSilverSea_STEM_07.wav,bass
LewisAndClarke_TheSilverSea_STEM_08.wav,otros
LewisAndClarke_TheSilverSea_STEM_09.wav,piano
LilyAllen_NotFair_STEM_01.wav,bass
LilyAllen_NotFair_STEM_02.wav,otros
LilyAllen_NotFair_STEM_03.wav,otros
LilyAllen_NotFair_STEM_04.wav,guitar
LilyAllen_NotFair_STEM_06.wav,otros
LilyAllen_NotFair_STEM_08.wav,otros
LilyAllen_NotFair_STEM_09.wav,piano
LinkinPark_InTheEnd_STEM_01.wav,otros
LinkinPark_InTheEnd_STEM_02.wav,guitar
LinkinPark_InTheEnd_STEM_03.wav,bass
LinkinPark_InTheEnd_STEM_04.wav,otros
LinkinPark_InTheEnd_STEM_05.wav,piano
LittleTybee_TheAlchemist_STEM_01.wav,guitar
LittleTybee_TheAlchemist_STEM_02.wav,guitar
LittleTybee_TheAlchemist_STEM_03.wav,otros
LittleTybee_TheAlchemist_STEM_04.wav,guitar
LittleTybee_TheAlchemist_STEM_05.wav,guitar
LittleTybee_TheAlchemist_STEM_06.wav,bass
LittleTybee_TheAlchemist_STEM_08.wav,guitar
LittleTybee_TheAlchemist_STEM_09.wav,piano
LittleTybee_TheAlchemist_STEM_10.wav,otros
Lit_MyOwnWorstEnemy_STEM_01.wav,otros
Lit_MyOwnWorstEnemy_STEM_02.wav,guitar
Lit_MyOwnWorstEnemy_STEM_03.wav,bass
Lit_MyOwnWorstEnemy_STEM_04.wav,otros
Lit_MyOwnWorstEnemy_STEM_06.wav,otros
Live_IAlone_STEM_02.wav,otros
Live_IAlone_STEM_03.wav,bass
Live_IAlone_STEM_04.wav,guitar
LizNelson_Coldwar_STEM_01.wav,guitar
LizNelson_Rainfall_STEM_04.wav,guitar
LizNelson_Rainfall_STEM_05.wav,guitar
LoquilloYLosTrogloditas_CadillacSolitario_STEM_01.wav,otros
LoquilloYLosTrogloditas_CadillacSolitario_STEM_02.wav,guitar
LoquilloYLosTrogloditas_CadillacSolitario_STEM_03.wav,bass
LoquilloYLosTrogloditas_CadillacSolitario_STEM_05.wav,otros
LosLobos_LaBamba_STEM_01.wav,otros
LosLobos_LaBamba_STEM_02.wav,bass
LosLobos_LaBamba_STEM_03.wav,guitar
LosLobos_LaBamba_STEM_04.wav,otros
LosLobos_LaBamba_STEM_06.wav,otros
Lushlife_ToynbeeSuite_STEM_01.wav,otros
Lushlife_ToynbeeSuite_STEM_02.wav,otros
Lushlife_ToynbeeSuite_STEM_03.wav,otros
Lushlife_ToynbeeSuite_STEM_04.wav,otros
Lushlife_ToynbeeSuite_STEM_05.wav,otros
Lushlife_ToynbeeSuite_STEM_06.wav,otros
Lushlife_ToynbeeSuite_STEM_07.wav,otros
Lushlife_ToynbeeSuite_STEM_08.wav,bass
Lushlife_ToynbeeSuite_STEM_09.wav,otros
Lushlife_ToynbeeSuite_STEM_10.wav,guitar
Lushlife_ToynbeeSuite_STEM_11.wav,guitar
Lushlife_ToynbeeSuite_STEM_12.wav,guitar
Lushlife_ToynbeeSuite_STEM_13.wav,otros
Lushlife_ToynbeeSuite_STEM_14.wav,otros
Lushlife_ToynbeeSuite_STEM_15.wav,otros
Lushlife_ToynbeeSuite_STEM_16.wav,otros
Lushlife_ToynbeeSuite_STEM_17.wav,otros
Lushlife_ToynbeeSuite_STEM_18.wav,otros
Lushlife_ToynbeeSuite_STEM_19.wav,otros
Lushlife_ToynbeeSuite_STEM_20.wav,otros
Lushlife_ToynbeeSuite_STEM_21.wav,otros
Lushlife_ToynbeeSuite_STEM_22.wav,otros
Lushlife_ToynbeeSuite_STEM_23.wav,piano
Lushlife_ToynbeeSuite_STEM_24.wav,otros
Lushlife_ToynbeeSuite_STEM_25.wav,otros
Lushlife_ToynbeeSuite_STEM_26.wav,otros
LynyrdSkynyrd_FreeBird_STEM_01.wav,otros
LynyrdSkynyrd_FreeBird_STEM_02.wav,guitar
LynyrdSkynyrd_FreeBird_STEM_03.wav,bass
LynyrdSkynyrd_FreeBird_STEM_04.wav,otros
Maroon5_ThisLove_STEM_01.wav,otros
Maroon5_ThisLove_STEM_02.wav,otros
Maroon5_ThisLove_STEM_03.wav,bass
Maroon5_ThisLove_STEM_05.wav,otros
MartinaMcbride_ThisOnesForTheGirls_STEM_01.wav,otros
MartinaMcbride_ThisOnesForTheGirls_STEM_02.wav,guitar
MartinaMcbride_ThisOnesForTheGirls_STEM_03.wav,bass
MartinaMcbride_ThisOnesForTheGirls_STEM_05.wav,guitar
MartinaMcbride_ThisOnesForTheGirls_STEM_06.wav,otros
MarvinGaye_IHeardItThroughTheGrapevine_STEM_01.wav,otros
MarvinGaye_IHeardItThroughTheGrapevine_STEM_02.wav,otros
MarvinGaye_IHeardItThroughTheGrapevine_STEM_03.wav,bass
MarvinGaye_IHeardItThroughTheGrapevine_STEM_04.wav,otros
MarvinGaye_IHeardItThroughTheGrapevine_STEM_05.wav,otros
MarvinGaye_WhatsGoingOn_STEM_01.wav,otros
MarvinGaye_WhatsGoingOn_STEM_02.wav,piano
MarvinGaye_WhatsGoingOn_STEM_03.wav,otros
MarvinGaye_WhatsGoingOn_STEM_04.wav,otros
MarvinGaye_WhatsGoingOn_STEM_05.wav,otros
MarvinGaye_WhatsGoingOn_STEM_06.wav,otros
MarvinGaye_WhatsGoingOn_STEM_07.wav,bass
MarvinGaye_WhatsGoingOn_STEM_08.wav,guitar
MarvinGaye_WhatsGoingOn_STEM_09.wav,otros
MarvinGaye_WhatsGoingOn_STEM_10.wav,guitar
MarvinGaye_WhatsGoingOn_STEM_11.wav,otros
MatthewEntwistle_AnEveningWithOliver_STEM_01.wav,otros
MatthewEntwistle_AnEveningWithOliver_STEM_02.wav,otros
MatthewEntwistle_AnEveningWithOliver_STEM_03.wav,otros
MatthewEntwistle_AnEveningWithOliver_STEM_04.wav,bass
MatthewEntwistle_AnEveningWithOliver_STEM_05.wav,otros
MatthewEntwistle_AnEveningWithOliver_STEM_06.wav,otros
MatthewEntwistle_AnEveningWithOliver_STEM_07.wav,bass
MatthewEntwistle_AnEveningWithOliver_STEM_08.wav,otros
MatthewEntwistle_AnEveningWithOliver_STEM_09.wav,otros
MatthewEntwistle_AnEveningWithOliver_STEM_10.wav,otros
MatthewEntwistle_AnEveningWithOliver_STEM_11.wav,piano
MatthewEntwistle_AnEveningWithOliver_STEM_12.wav,otros
MatthewEntwistle_AnEveningWithOliver_STEM_13.wav,otros
MatthewEntwistle_AnEveningWithOliver_STEM_14.wav,otros
MatthewEntwistle_AnEveningWithOliver_STEM_15.wav,otros
MatthewEntwistle_AnEveningWithOliver_STEM_16.wav,otros
MatthewEntwistle_AnEveningWithOliver_STEM_17.wav,otros
MatthewEntwistle_AnEveningWithOliver_STEM_18.wav,otros
MatthewEntwistle_AnEveningWithOliver_STEM_19.wav,otros
MatthewEntwistle_AnEveningWithOliver_STEM_20.wav,otros
MatthewEntwistle_AnEveningWithOliver_STEM_21.wav,otros
MatthewEntwistle_AnEveningWithOliver_STEM_22.wav,otros
MatthewEntwistle_AnEveningWithOliver_STEM_23.wav,otros
MatthewEntwistle_AnEveningWithOliver_STEM_24.wav,otros
MatthewEntwistle_DontYouEver_STEM_01.wav,bass
MatthewEntwistle_DontYouEver_STEM_02.wav,piano
MatthewEntwistle_DontYouEver_STEM_03.wav,otros
MatthewEntwistle_DontYouEver_STEM_04.wav,otros
MatthewEntwistle_DontYouEver_STEM_05.wav,otros
MatthewEntwistle_DontYouEver_STEM_06.wav,otros
MatthewEntwistle_FairerHopes_STEM_01.wav,bass
MatthewEntwistle_FairerHopes_STEM_02.wav,otros
MatthewEntwistle_FairerHopes_STEM_03.wav,otros
MatthewEntwistle_FairerHopes_STEM_04.wav,otros
MatthewEntwistle_FairerHopes_STEM_05.wav,otros
MatthewEntwistle_FairerHopes_STEM_06.wav,otros
MatthewEntwistle_FairerHopes_STEM_07.wav,bass
MatthewEntwistle_FairerHopes_STEM_08.wav,bass
MatthewEntwistle_FairerHopes_STEM_09.wav,otros
MatthewEntwistle_FairerHopes_STEM_10.wav,otros
MatthewEntwistle_FairerHopes_STEM_11.wav,otros
MatthewEntwistle_FairerHopes_STEM_12.wav,otros
MatthewEntwistle_FairerHopes_STEM_13.wav,piano
MatthewEntwistle_FairerHopes_STEM_14.wav,otros
MatthewEntwistle_FairerHopes_STEM_15.wav,otros
MatthewEntwistle_FairerHopes_STEM_16.wav,otros
MatthewEntwistle_FairerHopes_STEM_17.wav,otros
MatthewEntwistle_FairerHopes_STEM_18.wav,otros
MatthewEntwistle_ImpressionsOfSaturn_STEM_01.wav,otros
MatthewEntwistle_ImpressionsOfSaturn_STEM_02.wav,otros
MatthewEntwistle_ImpressionsOfSaturn_STEM_03.wav,otros
MatthewEntwistle_ImpressionsOfSaturn_STEM_04.wav,otros
MatthewEntwistle_ImpressionsOfSaturn_STEM_05.wav,otros
MatthewEntwistle_ImpressionsOfSaturn_STEM_06.wav,piano
MatthewEntwistle_ImpressionsOfSaturn_STEM_07.wav,otros
MatthewEntwistle_ImpressionsOfSaturn_STEM_08.wav,otros
MatthewEntwistle_ImpressionsOfSaturn_STEM_09.wav,otros
MatthewEntwistle_Lontano_STEM_01.wav,piano
MatthewEntwistle_ReturnToVenezia_STEM_01.wav,otros
MatthewEntwistle_ReturnToVenezia_STEM_02.wav,piano
MatthewEntwistle_TheArch_STEM_01.wav,otros
MatthewEntwistle_TheArch_STEM_02.wav,otros
MatthewEntwistle_TheArch_STEM_03.wav,otros
MatthewEntwistle_TheArch_STEM_04.wav,otros
MatthewEntwistle_TheArch_STEM_05.wav,otros
MatthewEntwistle_TheArch_STEM_06.wav,otros
MatthewEntwistle_TheArch_STEM_07.wav,otros
MatthewEntwistle_TheArch_STEM_08.wav,otros
MatthewEntwistle_TheArch_STEM_09.wav,otros
MatthewEntwistle_TheArch_STEM_10.wav,otros
MatthewEntwistle_TheArch_STEM_11.wav,otros
MatthewEntwistle_TheArch_STEM_12.wav,otros
MatthewEntwistle_TheArch_STEM_13.wav,otros
MatthewEntwistle_TheArch_STEM_14.wav,otros
MatthewEntwistle_TheArch_STEM_15.wav,otros
MatthewEntwistle_TheArch_STEM_16.wav,otros
MatthewEntwistle_TheArch_STEM_17.wav,otros
MatthewEntwistle_TheArch_STEM_18.wav,piano
MatthewEntwistle_TheArch_STEM_19.wav,otros
MatthewEntwistle_TheFlaxenField_STEM_01.wav,otros
MatthewEntwistle_TheFlaxenField_STEM_02.wav,otros
MatthewEntwistle_TheFlaxenField_STEM_03.wav,piano
MatthewEntwistle_TheFlaxenField_STEM_04.wav,otros
MatthewEntwistle_TheFlaxenField_STEM_05.wav,otros
McFrontalot_LivinOnTheCornerOfDudeAndCatastrophe_STEM_01.wav,otros
McFrontalot_LivinOnTheCornerOfDudeAndCatastrophe_STEM_02.wav,guitar
McFrontalot_LivinOnTheCornerOfDudeAndCatastrophe_STEM_03.wav,bass
McFrontalot_LivinOnTheCornerOfDudeAndCatastrophe_STEM_04.wav,otros
Meaxic_TakeAStep_STEM_01.wav,bass
Meaxic_TakeAStep_STEM_02.wav,guitar
Meaxic_TakeAStep_STEM_03.wav,guitar
Meaxic_TakeAStep_STEM_05.wav,otros
Meaxic_TakeAStep_STEM_06.wav,otros
Meaxic_TakeAStep_STEM_07.wav,otros
Meaxic_TakeAStep_STEM_08.wav,otros
Meaxic_YouListen_STEM_02.wav,otros
Meaxic_YouListen_STEM_03.wav,guitar
Meaxic_YouListen_STEM_04.wav,bass
Meaxic_YouListen_STEM_05.wav,guitar
Meaxic_YouListen_STEM_06.wav,guitar
Meaxic_YouListen_STEM_07.wav,otros
MichaelJackson_BeatIt_STEM_01.wav,otros
MichaelJackson_BeatIt_STEM_02.wav,bass
MichaelJackson_BeatIt_STEM_03.wav,guitar
MichaelJackson_BeatIt_STEM_04.wav,otros
MichaelJackson_BeatIt_STEM_06.wav,otros
MichaelKropf_AllGoodThings_STEM_01.wav,piano
MichaelKropf_AllGoodThings_STEM_02.wav,otros
MidnightBlue_HuntingSeason_STEM_03.wav,guitar
MidnightBlue_HuntingSeason_STEM_04.wav,guitar
MidnightBlue_HuntingSeason_STEM_05.wav,otros
MidnightBlue_HuntingSeason_STEM_06.wav,bass
MidnightBlue_HuntingSeason_STEM_07.wav,guitar
MidnightBlue_HuntingSeason_STEM_08.wav,piano
MidnightBlue_StarsAreScreaming_STEM_01.wav,guitar
MidnightBlue_StarsAreScreaming_STEM_02.wav,otros
MidnightBlue_StarsAreScreaming_STEM_03.wav,bass
MidnightBlue_StarsAreScreaming_STEM_04.wav,guitar
MidnightBlue_StarsAreScreaming_STEM_05.wav,guitar
MightyMightyBosstones_WheredYouGo_STEM_01.wav,otros
MightyMightyBosstones_WheredYouGo_STEM_02.wav,guitar
MightyMightyBosstones_WheredYouGo_STEM_03.wav,bass
MightyMightyBosstones_WheredYouGo_STEM_04.wav,otros
MikeOldfield_Quicksilver_STEM_01.wav,piano
MikeOldfield_Quicksilver_STEM_02.wav,otros
MikeOldfield_Quicksilver_STEM_03.wav,guitar
MikeOldfield_Quicksilver_STEM_04.wav,otros
MikeOldfield_Quicksilver_STEM_05.wav,otros
MikeOldfield_Quicksilver_STEM_06.wav,otros
MikeOldfield_Quicksilver_STEM_07.wav,otros
MikeOldfield_Quicksilver_STEM_08.wav,otros
MileyCyrus_7Things_STEM_01.wav,otros
MileyCyrus_7Things_STEM_02.wav,guitar
MileyCyrus_7Things_STEM_03.wav,bass
MileyCyrus_7Things_STEM_05.wav,otros
MirandaCosgrove_HeadphonesOn_STEM_01.wav,otros
MirandaCosgrove_HeadphonesOn_STEM_02.wav,guitar
MirandaCosgrove_HeadphonesOn_STEM_03.wav,bass
MirandaCosgrove_HeadphonesOn_STEM_04.wav,otros
Misfits_AstroZombies_STEM_01.wav,otros
Misfits_AstroZombies_STEM_02.wav,guitar
Misfits_AstroZombies_STEM_03.wav,bass
ModestMouse_FloatOn_STEM_01.wav,otros
ModestMouse_FloatOn_STEM_02.wav,bass
ModestMouse_FloatOn_STEM_03.wav,guitar
ModestMouse_FloatOn_STEM_04.wav,otros
ModestMouse_FloatOn_STEM_06.wav,otros
Mozart_BesterJungling_STEM_02.wav,piano
Mozart_DiesBildnis_STEM_02.wav,piano
Muffs_KidsInAmerica_STEM_01.wav,otros
Muffs_KidsInAmerica_STEM_02.wav,guitar
Muffs_KidsInAmerica_STEM_03.wav,bass
Muffs_KidsInAmerica_STEM_04.wav,otros
Muffs_KidsInAmerica_STEM_06.wav,otros
Muse_Hysteria_STEM_01.wav,otros
Muse_Hysteria_STEM_02.wav,guitar
Muse_Hysteria_STEM_03.wav,otros
Muse_Hysteria_STEM_04.wav,otros
MusicDelta_80sRock_STEM_01.wav,otros
MusicDelta_80sRock_STEM_02.wav,bass
MusicDelta_80sRock_STEM_03.wav,guitar
MusicDelta_Beatles_STEM_01.wav,otros
MusicDelta_Beatles_STEM_02.wav,bass
MusicDelta_Beatles_STEM_03.wav,guitar
MusicDelta_Beatles_STEM_04.wav,guitar
MusicDelta_Beatles_STEM_05.wav,guitar
MusicDelta_Beatles_STEM_06.wav,guitar
MusicDelta_BebopJazz_STEM_01.wav,otros
MusicDelta_BebopJazz_STEM_02.wav,bass
MusicDelta_BebopJazz_STEM_03.wav,piano
MusicDelta_BebopJazz_STEM_04.wav,otros
MusicDelta_BebopJazz_STEM_05.wav,otros
MusicDelta_Beethoven_STEM_01.wav,otros
MusicDelta_Beethoven_STEM_02.wav,otros
MusicDelta_Beethoven_STEM_03.wav,otros
MusicDelta_Beethoven_STEM_04.wav,otros
MusicDelta_Beethoven_STEM_05.wav,bass
MusicDelta_Beethoven_STEM_06.wav,otros
MusicDelta_Beethoven_STEM_07.wav,otros
MusicDelta_Beethoven_STEM_08.wav,otros
MusicDelta_Beethoven_STEM_09.wav,otros
MusicDelta_Beethoven_STEM_10.wav,otros
MusicDelta_Beethoven_STEM_11.wav,otros
MusicDelta_Beethoven_STEM_12.wav,bass
MusicDelta_Beethoven_STEM_13.wav,bass
MusicDelta_Beethoven_STEM_14.wav,otros
MusicDelta_Beethoven_STEM_15.wav,otros
MusicDelta_Beethoven_STEM_16.wav,otros
MusicDelta_Beethoven_STEM_17.wav,otros
MusicDelta_Beethoven_STEM_18.wav,otros
MusicDelta_Britpop_STEM_01.wav,otros
MusicDelta_Britpop_STEM_02.wav,bass
MusicDelta_Britpop_STEM_03.wav,guitar
MusicDelta_Britpop_STEM_04.wav,guitar
MusicDelta_Britpop_STEM_05.wav,guitar
MusicDelta_Britpop_STEM_06.wav,guitar
MusicDelta_ChineseChaoZhou_STEM_01.wav,otros
MusicDelta_ChineseChaoZhou_STEM_02.wav,otros
MusicDelta_ChineseChaoZhou_STEM_03.wav,otros
MusicDelta_ChineseChaoZhou_STEM_04.wav,otros
MusicDelta_ChineseDrama_STEM_01.wav,otros
MusicDelta_ChineseDrama_STEM_02.wav,otros
MusicDelta_ChineseDrama_STEM_03.wav,otros
MusicDelta_ChineseDrama_STEM_04.wav,otros
MusicDelta_ChineseDrama_STEM_05.wav,otros
MusicDelta_ChineseHenan_STEM_01.wav,otros
MusicDelta_ChineseHenan_STEM_02.wav,otros
MusicDelta_ChineseHenan_STEM_03.wav,otros
MusicDelta_ChineseHenan_STEM_04.wav,otros
MusicDelta_ChineseHenan_STEM_05.wav,otros
MusicDelta_ChineseJiangNan_STEM_01.wav,otros
MusicDelta_ChineseJiangNan_STEM_02.wav,otros
MusicDelta_ChineseJiangNan_STEM_03.wav,otros
MusicDelta_ChineseJiangNan_STEM_04.wav,otros
MusicDelta_ChineseJiangNan_STEM_05.wav,otros
MusicDelta_ChineseXinJing_STEM_01.wav,otros
MusicDelta_ChineseXinJing_STEM_02.wav,otros
MusicDelta_ChineseXinJing_STEM_03.wav,otros
MusicDelta_ChineseXinJing_STEM_04.wav,otros
MusicDelta_ChineseXinJing_STEM_05.wav,otros
MusicDelta_ChineseYaoZu_STEM_01.wav,otros
MusicDelta_ChineseYaoZu_STEM_02.wav,otros
MusicDelta_ChineseYaoZu_STEM_03.wav,otros
MusicDelta_ChineseYaoZu_STEM_04.wav,otros
MusicDelta_ChineseYaoZu_STEM_05.wav,otros
MusicDelta_CoolJazz_STEM_01.wav,bass
MusicDelta_CoolJazz_STEM_02.wav,otros
MusicDelta_CoolJazz_STEM_03.wav,piano
MusicDelta_CoolJazz_STEM_04.wav,otros
MusicDelta_CoolJazz_STEM_05.wav,otros
MusicDelta_Country1_STEM_01.wav,otros
MusicDelta_Country1_STEM_02.wav,bass
MusicDelta_Country1_STEM_03.wav,guitar
MusicDelta_Country1_STEM_04.wav,guitar
MusicDelta_Country2_STEM_01.wav,otros
MusicDelta_Country2_STEM_02.wav,bass
MusicDelta_Country2_STEM_03.wav,guitar
MusicDelta_Country2_STEM_04.wav,guitar
MusicDelta_Disco_STEM_01.wav,otros
MusicDelta_Disco_STEM_02.wav,bass
MusicDelta_Disco_STEM_03.wav,guitar
MusicDelta_FreeJazz_STEM_01.wav,otros
MusicDelta_FreeJazz_STEM_02.wav,bass
MusicDelta_FreeJazz_STEM_03.wav,bass
MusicDelta_FunkJazz_STEM_01.wav,otros
MusicDelta_FunkJazz_STEM_02.wav,bass
MusicDelta_FunkJazz_STEM_03.wav,piano
MusicDelta_FunkJazz_STEM_04.wav,otros
MusicDelta_FusionJazz_STEM_01.wav,otros
MusicDelta_FusionJazz_STEM_02.wav,bass
MusicDelta_FusionJazz_STEM_03.wav,piano
MusicDelta_FusionJazz_STEM_04.wav,otros
MusicDelta_FusionJazz_STEM_05.wav,otros
MusicDelta_FusionJazz_STEM_06.wav,otros
MusicDelta_Gospel_STEM_01.wav,otros
MusicDelta_Gospel_STEM_02.wav,bass
MusicDelta_Gospel_STEM_03.wav,guitar
MusicDelta_Gospel_STEM_04.wav,guitar
MusicDelta_Gospel_STEM_05.wav,otros
MusicDelta_GriegTrolltog_STEM_01.wav,otros
MusicDelta_GriegTrolltog_STEM_02.wav,otros
MusicDelta_GriegTrolltog_STEM_03.wav,otros
MusicDelta_GriegTrolltog_STEM_04.wav,otros
MusicDelta_GriegTrolltog_STEM_05.wav,bass
MusicDelta_GriegTrolltog_STEM_06.wav,otros
MusicDelta_GriegTrolltog_STEM_07.wav,otros
MusicDelta_GriegTrolltog_STEM_08.wav,otros
MusicDelta_GriegTrolltog_STEM_09.wav,otros
MusicDelta_GriegTrolltog_STEM_10.wav,otros
MusicDelta_GriegTrolltog_STEM_11.wav,otros
MusicDelta_GriegTrolltog_STEM_12.wav,otros
MusicDelta_GriegTrolltog_STEM_13.wav,otros
MusicDelta_GriegTrolltog_STEM_14.wav,otros
MusicDelta_GriegTrolltog_STEM_15.wav,otros
MusicDelta_GriegTrolltog_STEM_16.wav,otros
MusicDelta_GriegTrolltog_STEM_17.wav,otros
MusicDelta_GriegTrolltog_STEM_18.wav,otros
MusicDelta_GriegTrolltog_STEM_19.wav,otros
MusicDelta_Grunge_STEM_01.wav,otros
MusicDelta_Grunge_STEM_02.wav,bass
MusicDelta_Grunge_STEM_03.wav,guitar
MusicDelta_Grunge_STEM_04.wav,guitar
MusicDelta_Hendrix_STEM_01.wav,otros
MusicDelta_Hendrix_STEM_02.wav,bass
MusicDelta_Hendrix_STEM_03.wav,guitar
MusicDelta_InTheHalloftheMountainKing_STEM_01.wav,otros
MusicDelta_InTheHalloftheMountainKing_STEM_02.wav,otros
MusicDelta_InTheHalloftheMountainKing_STEM_03.wav,otros
MusicDelta_InTheHalloftheMountainKing_STEM_04.wav,otros
MusicDelta_InTheHalloftheMountainKing_STEM_05.wav,bass
MusicDelta_InTheHalloftheMountainKing_STEM_06.wav,otros
MusicDelta_InTheHalloftheMountainKing_STEM_07.wav,otros
MusicDelta_InTheHalloftheMountainKing_STEM_08.wav,bass
MusicDelta_InTheHalloftheMountainKing_STEM_09.wav,otros
MusicDelta_InTheHalloftheMountainKing_STEM_10.wav,otros
MusicDelta_InTheHalloftheMountainKing_STEM_11.wav,otros
MusicDelta_InTheHalloftheMountainKing_STEM_12.wav,otros
MusicDelta_InTheHalloftheMountainKing_STEM_13.wav,otros
MusicDelta_InTheHalloftheMountainKing_STEM_14.wav,otros
MusicDelta_InTheHalloftheMountainKing_STEM_15.wav,otros
MusicDelta_InTheHalloftheMountainKing_STEM_16.wav,otros
MusicDelta_InTheHalloftheMountainKing_STEM_17.wav,otros
MusicDelta_LatinJazz_STEM_01.wav,bass
MusicDelta_LatinJazz_STEM_02.wav,otros
MusicDelta_LatinJazz_STEM_03.wav,piano
MusicDelta_LatinJazz_STEM_04.wav,otros
MusicDelta_LatinJazz_STEM_05.wav,otros
MusicDelta_ModalJazz_STEM_01.wav,otros
MusicDelta_ModalJazz_STEM_02.wav,bass
MusicDelta_ModalJazz_STEM_03.wav,piano
MusicDelta_ModalJazz_STEM_04.wav,otros
MusicDelta_ModalJazz_STEM_05.wav,otros
MusicDelta_Pachelbel_STEM_01.wav,otros
MusicDelta_Pachelbel_STEM_02.wav,otros
MusicDelta_Pachelbel_STEM_03.wav,otros
MusicDelta_Pachelbel_STEM_04.wav,otros
MusicDelta_Punk_STEM_01.wav,otros
MusicDelta_Punk_STEM_02.wav,bass
MusicDelta_Punk_STEM_03.wav,guitar
MusicDelta_Reggae_STEM_01.wav,otros
MusicDelta_Reggae_STEM_02.wav,bass
MusicDelta_Reggae_STEM_03.wav,guitar
MusicDelta_Rockabilly_STEM_01.wav,otros
MusicDelta_Rockabilly_STEM_02.wav,bass
MusicDelta_Rockabilly_STEM_03.wav,guitar
MusicDelta_Rockabilly_STEM_04.wav,guitar
MusicDelta_Rock_STEM_01.wav,otros
MusicDelta_Rock_STEM_02.wav,bass
MusicDelta_Rock_STEM_03.wav,guitar
MusicDelta_Rock_STEM_04.wav,guitar
MusicDelta_Shadows_STEM_01.wav,bass
MusicDelta_Shadows_STEM_02.wav,otros
MusicDelta_Shadows_STEM_03.wav,guitar
MusicDelta_Shadows_STEM_04.wav,guitar
MusicDelta_SpeedMetal_STEM_01.wav,otros
MusicDelta_SpeedMetal_STEM_02.wav,bass
MusicDelta_SpeedMetal_STEM_03.wav,guitar
MusicDelta_SpeedMetal_STEM_04.wav,guitar
MusicDelta_SwingJazz_STEM_01.wav,bass
MusicDelta_SwingJazz_STEM_02.wav,otros
MusicDelta_SwingJazz_STEM_03.wav,piano
MusicDelta_SwingJazz_STEM_04.wav,otros
MusicDelta_Vivaldi_STEM_01.wav,bass
MusicDelta_Vivaldi_STEM_02.wav,otros
MusicDelta_Vivaldi_STEM_03.wav,otros
MusicDelta_Vivaldi_STEM_04.wav,otros
MusicDelta_Vivaldi_STEM_05.wav,otros
MusicDelta_Zeppelin_STEM_01.wav,bass
MusicDelta_Zeppelin_STEM_02.wav,otros
MusicDelta_Zeppelin_STEM_03.wav,guitar
MusicDelta_Zeppelin_STEM_04.wav,guitar
MutualBenefit_NotForNothing_STEM_02.wav,otros
MutualBenefit_NotForNothing_STEM_03.wav,otros
MutualBenefit_NotForNothing_STEM_04.wav,guitar
MutualBenefit_NotForNothing_STEM_05.wav,bass
MutualBenefit_NotForNothing_STEM_07.wav,guitar
MutualBenefit_NotForNothing_STEM_08.wav,otros
MutualBenefit_NotForNothing_STEM_09.wav,guitar
MutualBenefit_NotForNothing_STEM_10.wav,piano
MutualBenefit_NotForNothing_STEM_11.wav,otros
NightPanther_Fire_STEM_01.wav,bass
NightPanther_Fire_STEM_02.wav,otros
NightPanther_Fire_STEM_03.wav,otros
NightPanther_Fire_STEM_04.wav,otros
NightPanther_Fire_STEM_05.wav,otros
NightPanther_Fire_STEM_06.wav,otros
NightPanther_Fire_STEM_08.wav,otros
NightPanther_Fire_STEM_09.wav,otros
NightPanther_Fire_STEM_10.wav,otros
NightPanther_Fire_STEM_11.wav,otros
NightPanther_Fire_STEM_12.wav,otros
PatternIsMovement_SaveMe_STEM_01.wav,otros
PatternIsMovement_SaveMe_STEM_02.wav,otros
PatternIsMovement_SaveMe_STEM_03.wav,otros
PatternIsMovement_SaveMe_STEM_05.wav,otros
PatternIsMovement_SaveMe_STEM_06.wav,otros
PatternIsMovement_SaveMe_STEM_08.wav,otros
PatternIsMovement_SaveMe_STEM_09.wav,otros
PeterMatthewBauer_YouAlwaysLookForSomeoneLost_STEM_01.wav,guitar
PeterMatthewBauer_YouAlwaysLookForSomeoneLost_STEM_02.wav,otros
PeterMatthewBauer_YouAlwaysLookForSomeoneLost_STEM_03.wav,piano
PeterMatthewBauer_YouAlwaysLookForSomeoneLost_STEM_04.wav,otros
PeterMatthewBauer_YouAlwaysLookForSomeoneLost_STEM_05.wav,otros
PeterMatthewBauer_YouAlwaysLookForSomeoneLost_STEM_06.wav,bass
Phoenix_BrokenPledgeChicagoReel_STEM_01.wav,guitar
Phoenix_BrokenPledgeChicagoReel_STEM_02.wav,otros
Phoenix_BrokenPledgeChicagoReel_STEM_03.wav,otros
Phoenix_ColliersDaughter_STEM_01.wav,guitar
Phoenix_ColliersDaughter_STEM_02.wav,otros
Phoenix_ColliersDaughter_STEM_03.wav,otros
Phoenix_ColliersDaughter_STEM_04.wav,bass
Phoenix_ColliersDaughter_STEM_05.wav,otros
Phoenix_ElzicsFarewell_STEM_01.wav,guitar
Phoenix_ElzicsFarewell_STEM_02.wav,otros
Phoenix_ElzicsFarewell_STEM_03.wav,otros
Phoenix_ElzicsFarewell_STEM_04.wav,otros
Phoenix_LarkOnTheStrandDrummondCastle_STEM_01.wav,guitar
Phoenix_LarkOnTheStrandDrummondCastle_STEM_02.wav,otros
Phoenix_LarkOnTheStrandDrummondCastle_STEM_03.wav,otros
Phoenix_LarkOnTheStrandDrummondCastle_STEM_04.wav,otros
Phoenix_ScotchMorris_STEM_01.wav,guitar
Phoenix_ScotchMorris_STEM_02.wav,otros
Phoenix_ScotchMorris_STEM_03.wav,otros
Phoenix_ScotchMorris_STEM_04.wav,otros
Phoenix_SeanCaughlinsTheScartaglen_STEM_01.wav,guitar
Phoenix_SeanCaughlinsTheScartaglen_STEM_02.wav,otros
Phoenix_SeanCaughlinsTheScartaglen_STEM_03.wav,otros
Phoenix_SeanCaughlinsTheScartaglen_STEM_04.wav,bass
Phoenix_SeanCaughlinsTheScartaglen_STEM_05.wav,otros
Plasma_GoodShout_STEM_01.wav,otros
Plasma_GoodShout_STEM_02.wav,guitar
Plasma_GoodShout_STEM_03.wav,guitar
Plasma_GoodShout_STEM_04.wav,bass
Plasma_GoodShout_STEM_05.wav,guitar
PoliceHearingDepartment_Brahms_STEM_01.wav,otros
PoliceHearingDepartment_Brahms_STEM_02.wav,otros
PoliceHearingDepartment_Brahms_STEM_03.wav,piano
PoliceHearingDepartment_SchumannMovement1_STEM_01.wav,bass
PoliceHearingDepartment_SchumannMovement1_STEM_02.wav,otros
PoliceHearingDepartment_SchumannMovement1_STEM_03.wav,otros
PoliceHearingDepartment_SchumannMovement1_STEM_04.wav,otros
PoliceHearingDepartment_SchumannMovement1_STEM_05.wav,otros
PoliceHearingDepartment_SchumannMovement1_STEM_06.wav,piano
PoliceHearingDepartment_SchumannMovement2_STEM_01.wav,bass
PoliceHearingDepartment_SchumannMovement2_STEM_02.wav,otros
PoliceHearingDepartment_SchumannMovement2_STEM_03.wav,otros
PoliceHearingDepartment_SchumannMovement2_STEM_04.wav,otros
PoliceHearingDepartment_SchumannMovement2_STEM_05.wav,otros
PoliceHearingDepartment_SchumannMovement2_STEM_06.wav,piano
PoliceHearingDepartment_VivaldiMovement1_STEM_01.wav,bass
PoliceHearingDepartment_VivaldiMovement1_STEM_02.wav,otros
PoliceHearingDepartment_VivaldiMovement1_STEM_03.wav,otros
PoliceHearingDepartment_VivaldiMovement1_STEM_04.wav,otros
PoliceHearingDepartment_VivaldiMovement2_STEM_01.wav,bass
PoliceHearingDepartment_VivaldiMovement2_STEM_02.wav,otros
PoliceHearingDepartment_VivaldiMovement2_STEM_03.wav,otros
PoliceHearingDepartment_VivaldiMovement2_STEM_04.wav,otros
PoliceHearingDepartment_VivaldiMovement3_STEM_01.wav,bass
PoliceHearingDepartment_VivaldiMovement3_STEM_02.wav,otros
PoliceHearingDepartment_VivaldiMovement3_STEM_03.wav,otros
PoliceHearingDepartment_VivaldiMovement3_STEM_04.wav,otros
PortStWillow_StayEven_STEM_01.wav,otros
PortStWillow_StayEven_STEM_02.wav,otros
PortStWillow_StayEven_STEM_03.wav,otros
PortStWillow_StayEven_STEM_04.wav,otros
PortStWillow_StayEven_STEM_05.wav,guitar
PortStWillow_StayEven_STEM_06.wav,guitar
PortStWillow_StayEven_STEM_07.wav,guitar
PortStWillow_StayEven_STEM_09.wav,piano
PortStWillow_StayEven_STEM_10.wav,bass
PortStWillow_StayEven_STEM_11.wav,otros
PurlingHiss_Lolita_STEM_01.wav,bass
PurlingHiss_Lolita_STEM_02.wav,otros
PurlingHiss_Lolita_STEM_03.wav,guitar
PurlingHiss_Lolita_STEM_04.wav,guitar
PurlingHiss_Lolita_STEM_05.wav,otros
PurlingHiss_Lolita_STEM_06.wav,otros
QuantumChromos_Circuits_STEM_01.wav,bass
QuantumChromos_Circuits_STEM_02.wav,otros
QuantumChromos_Circuits_STEM_03.wav,piano
QuantumChromos_Circuits_STEM_04.wav,otros
QuantumChromos_Circuits_STEM_05.wav,bass
QuantumChromos_Circuits_STEM_07.wav,otros
RodrigoBonelli_BalladForLaura_STEM_01.wav,otros
RodrigoBonelli_BalladForLaura_STEM_02.wav,otros
RodrigoBonelli_BalladForLaura_STEM_03.wav,otros
RodrigoBonelli_BalladForLaura_STEM_04.wav,bass
RodrigoBonelli_BalladForLaura_STEM_05.wav,bass
RodrigoBonelli_BalladForLaura_STEM_06.wav,otros
RodrigoBonelli_BalladForLaura_STEM_07.wav,piano
SasquatchConnection_BoomBoxing_STEM_01.wav,otros
SasquatchConnection_BoomBoxing_STEM_02.wav,bass
SasquatchConnection_BoomBoxing_STEM_03.wav,piano
SasquatchConnection_BoomBoxing_STEM_04.wav,otros
SasquatchConnection_BoomBoxing_STEM_05.wav,guitar
SasquatchConnection_BoomBoxing_STEM_06.wav,otros
SasquatchConnection_BoomBoxing_STEM_07.wav,otros
SasquatchConnection_HolyClamsBatman_STEM_01.wav,otros
SasquatchConnection_HolyClamsBatman_STEM_02.wav,guitar
SasquatchConnection_HolyClamsBatman_STEM_03.wav,piano
SasquatchConnection_HolyClamsBatman_STEM_04.wav,otros
SasquatchConnection_HolyClamsBatman_STEM_05.wav,bass
SasquatchConnection_HolyClamsBatman_STEM_06.wav,otros
SasquatchConnection_HolyClamsBatman_STEM_07.wav,otros
SasquatchConnection_Illuminati_STEM_01.wav,otros
SasquatchConnection_Illuminati_STEM_02.wav,otros
SasquatchConnection_Illuminati_STEM_03.wav,otros
SasquatchConnection_Illuminati_STEM_04.wav,bass
SasquatchConnection_Illuminati_STEM_05.wav,piano
SasquatchConnection_Illuminati_STEM_06.wav,otros
SasquatchConnection_Struttin_STEM_01.wav,bass
SasquatchConnection_Struttin_STEM_02.wav,piano
SasquatchConnection_Struttin_STEM_03.wav,guitar
SasquatchConnection_Struttin_STEM_04.wav,otros
SasquatchConnection_Struttin_STEM_05.wav,otros
SasquatchConnection_Struttin_STEM_06.wav,otros
SasquatchConnection_Struttin_STEM_07.wav,otros
SasquatchConnection_ThanksALatte_STEM_01.wav,piano
SasquatchConnection_ThanksALatte_STEM_02.wav,otros
SasquatchConnection_ThanksALatte_STEM_03.wav,guitar
SasquatchConnection_ThanksALatte_STEM_04.wav,otros
SasquatchConnection_ThanksALatte_STEM_05.wav,otros
SasquatchConnection_ThanksALatte_STEM_06.wav,otros
SasquatchConnection_ThanksALatte_STEM_07.wav,bass
Schubert_Erstarrung_STEM_02.wav,piano
Schumann_Mignon_STEM_01.wav,piano
SecretMountains_HighHorse_STEM_01.wav,bass
SecretMountains_HighHorse_STEM_02.wav,otros
SecretMountains_HighHorse_STEM_03.wav,otros
SecretMountains_HighHorse_STEM_04.wav,otros
SecretMountains_HighHorse_STEM_05.wav,guitar
SecretMountains_HighHorse_STEM_06.wav,otros
SecretMountains_HighHorse_STEM_07.wav,piano
SecretMountains_HighHorse_STEM_08.wav,otros
SecretMountains_HighHorse_STEM_10.wav,otros
SlowGhost_FirstSnow_STEM_01.wav,otros
SlowGhost_FirstSnow_STEM_02.wav,bass
SlowGhost_FirstSnow_STEM_03.wav,piano
SlowGhost_MidnightGroove_STEM_01.wav,bass
SlowGhost_MidnightGroove_STEM_02.wav,otros
SlowGhost_MidnightGroove_STEM_03.wav,piano
SlowGhost_Peanut_STEM_01.wav,otros
SlowGhost_Peanut_STEM_02.wav,bass
SlowGhost_Peanut_STEM_03.wav,piano
SlowGhost_YoureAMystery_STEM_01.wav,piano
SlowGhost_YoureAMystery_STEM_02.wav,bass
SlowGhost_YoureAMystery_STEM_03.wav,otros
Snowmine_Curfews_STEM_01.wav,otros
Snowmine_Curfews_STEM_02.wav,bass
Snowmine_Curfews_STEM_04.wav,otros
Snowmine_Curfews_STEM_05.wav,otros
Snowmine_Curfews_STEM_06.wav,otros
Snowmine_Curfews_STEM_07.wav,guitar
Snowmine_Curfews_STEM_08.wav,guitar
Snowmine_Curfews_STEM_09.wav,otros
Snowmine_Curfews_STEM_10.wav,otros
Snowmine_Curfews_STEM_11.wav,piano
SongYiJeon_TwoMoons_STEM_02.wav,piano
StevenClark_Bounty_STEM_01.wav,guitar
StevenClark_Bounty_STEM_02.wav,bass
StevenClark_Bounty_STEM_03.wav,otros
StevenClark_Bounty_STEM_04.wav,otros
StevenClark_Bounty_STEM_05.wav,otros
StevenClark_Bounty_STEM_06.wav,otros
StevenClark_Bounty_STEM_09.wav,piano
StevenClark_Bounty_STEM_10.wav,otros
StrandOfOaks_Spacestation_STEM_01.wav,bass
StrandOfOaks_Spacestation_STEM_02.wav,otros
StrandOfOaks_Spacestation_STEM_03.wav,otros
StrandOfOaks_Spacestation_STEM_05.wav,otros
StrandOfOaks_Spacestation_STEM_06.wav,piano
StrandOfOaks_Spacestation_STEM_07.wav,otros
StrandOfOaks_Spacestation_STEM_08.wav,piano
Sweat_AlmostAlways_STEM_01.wav,otros
Sweat_AlmostAlways_STEM_02.wav,otros
Sweat_AlmostAlways_STEM_03.wav,otros
Sweat_AlmostAlways_STEM_04.wav,piano
Sweat_AlmostAlways_STEM_05.wav,otros
Sweat_AlmostAlways_STEM_06.wav,guitar
Sweat_AlmostAlways_STEM_07.wav,otros
Sweat_Anecdoche_STEM_01.wav,guitar
Sweat_Anecdoche_STEM_02.wav,otros
Sweat_Anecdoche_STEM_03.wav,otros
Sweat_Anecdoche_STEM_04.wav,otros
Sweat_Anecdoche_STEM_05.wav,otros
Sweat_Anecdoche_STEM_06.wav,piano
Sweat_Elegy_STEM_01.wav,otros
Sweat_Elegy_STEM_02.wav,otros
Sweat_Elegy_STEM_03.wav,piano
Sweat_Elegy_STEM_04.wav,otros
Sweat_Elegy_STEM_05.wav,otros
Sweat_Elegy_STEM_06.wav,guitar
Sweat_Mesozoic_STEM_01.wav,otros
Sweat_Mesozoic_STEM_02.wav,guitar
Sweat_Mesozoic_STEM_03.wav,otros
Sweat_Mesozoic_STEM_04.wav,piano
Sweat_Mesozoic_STEM_05.wav,otros
Sweat_Mesozoic_STEM_06.wav,otros
Sweat_Mesozoic_STEM_07.wav,otros
Sweat_Sn1572_STEM_01.wav,otros
Sweat_Sn1572_STEM_02.wav,otros
Sweat_Sn1572_STEM_03.wav,bass
Sweat_Sn1572_STEM_04.wav,guitar
Sweat_Sn1572_STEM_05.wav,piano
Sweat_Tact_STEM_01.wav,otros
Sweat_Tact_STEM_02.wav,piano
Sweat_Tact_STEM_03.wav,otros
Sweat_Tact_STEM_04.wav,guitar
Sweat_Tact_STEM_05.wav,otros
Sweat_Tact_STEM_06.wav,otros
SweetLights_YouLetMeDown_STEM_01.wav,guitar
SweetLights_YouLetMeDown_STEM_02.wav,bass
SweetLights_YouLetMeDown_STEM_03.wav,otros
SweetLights_YouLetMeDown_STEM_04.wav,otros
SweetLights_YouLetMeDown_STEM_05.wav,otros
SweetLights_YouLetMeDown_STEM_06.wav,otros
SweetLights_YouLetMeDown_STEM_07.wav,otros
SweetLights_YouLetMeDown_STEM_09.wav,piano
SweetLights_YouLetMeDown_STEM_10.wav,otros
SweetLights_YouLetMeDown_STEM_11.wav,piano
SweetLights_YouLetMeDown_STEM_12.wav,otros
SweetLights_YouLetMeDown_STEM_13.wav,otros
TablaBreakbeatScience_Animoog_STEM_01.wav,otros
TablaBreakbeatScience_Animoog_STEM_02.wav,bass
TablaBreakbeatScience_Animoog_STEM_03.wav,guitar
TablaBreakbeatScience_Animoog_STEM_04.wav,otros
TablaBreakbeatScience_Animoog_STEM_05.wav,otros
TablaBreakbeatScience_Animoog_STEM_06.wav,otros
TablaBreakbeatScience_CaptainSky_STEM_01.wav,otros
TablaBreakbeatScience_CaptainSky_STEM_02.wav,bass
TablaBreakbeatScience_CaptainSky_STEM_03.wav,otros
TablaBreakbeatScience_MiloVsMongo_STEM_01.wav,otros
TablaBreakbeatScience_MiloVsMongo_STEM_02.wav,otros
TablaBreakbeatScience_MiloVsMongo_STEM_03.wav,otros
TablaBreakbeatScience_MiloVsMongo_STEM_04.wav,otros
TablaBreakbeatScience_MiloVsMongo_STEM_05.wav,otros
TablaBreakbeatScience_MiloVsMongo_STEM_06.wav,otros
TablaBreakbeatScience_MiloVsMongo_STEM_07.wav,otros
TablaBreakbeatScience_MiloVsMongo_STEM_08.wav,otros
TablaBreakbeatScience_MiloVsMongo_STEM_09.wav,otros
TablaBreakbeatScience_MoodyPlucks_STEM_01.wav,otros
TablaBreakbeatScience_MoodyPlucks_STEM_02.wav,otros
TablaBreakbeatScience_MoodyPlucks_STEM_03.wav,otros
TablaBreakbeatScience_MoodyPlucks_STEM_04.wav,otros
TablaBreakbeatScience_MoodyPlucks_STEM_05.wav,otros
TablaBreakbeatScience_MoodyPlucks_STEM_06.wav,otros
TablaBreakbeatScience_MoodyPlucks_STEM_07.wav,otros
TablaBreakbeatScience_MoodyPlucks_STEM_08.wav,otros
TablaBreakbeatScience_MoodyPlucks_STEM_09.wav,guitar
TablaBreakbeatScience_MoodyPlucks_STEM_10.wav,otros
TablaBreakbeatScience_MoodyPlucks_STEM_11.wav,otros
TablaBreakbeatScience_PhaseTransition_STEM_01.wav,otros
TablaBreakbeatScience_PhaseTransition_STEM_02.wav,otros
TablaBreakbeatScience_PhaseTransition_STEM_03.wav,bass
TablaBreakbeatScience_PhaseTransition_STEM_04.wav,otros
TablaBreakbeatScience_PhaseTransition_STEM_05.wav,otros
TablaBreakbeatScience_PhaseTransition_STEM_06.wav,otros
TablaBreakbeatScience_PhaseTransition_STEM_07.wav,otros
TablaBreakbeatScience_PhaseTransition_STEM_08.wav,otros
TablaBreakbeatScience_RockSteady_STEM_01.wav,otros
TablaBreakbeatScience_RockSteady_STEM_02.wav,otros
TablaBreakbeatScience_RockSteady_STEM_03.wav,otros
TablaBreakbeatScience_RockSteady_STEM_04.wav,otros
TablaBreakbeatScience_RockSteady_STEM_05.wav,otros
TablaBreakbeatScience_Scorpio_STEM_01.wav,otros
TablaBreakbeatScience_Scorpio_STEM_02.wav,otros
TablaBreakbeatScience_Scorpio_STEM_03.wav,otros
TablaBreakbeatScience_Scorpio_STEM_04.wav,otros
TablaBreakbeatScience_Scorpio_STEM_05.wav,otros
TablaBreakbeatScience_Scorpio_STEM_06.wav,otros
TablaBreakbeatScience_Scorpio_STEM_07.wav,otros
TablaBreakbeatScience_Vger_STEM_01.wav,otros
TablaBreakbeatScience_Vger_STEM_02.wav,otros
TablaBreakbeatScience_Vger_STEM_03.wav,otros
TablaBreakbeatScience_Vger_STEM_04.wav,otros
TablaBreakbeatScience_Vger_STEM_05.wav,otros
TablaBreakbeatScience_Vger_STEM_06.wav,guitar
TablaBreakbeatScience_Vger_STEM_07.wav,otros
TablaBreakbeatScience_Vger_STEM_08.wav,otros
TablaBreakbeatScience_Vger_STEM_09.wav,otros
TablaBreakbeatScience_Vger_STEM_10.wav,otros
TablaBreakbeatScience_WhoIsIt_STEM_01.wav,otros
TablaBreakbeatScience_WhoIsIt_STEM_02.wav,otros
TablaBreakbeatScience_WhoIsIt_STEM_03.wav,bass
TablaBreakbeatScience_WhoIsIt_STEM_04.wav,otros
TablaBreakbeatScience_WhoIsIt_STEM_05.wav,otros
TablaBreakbeatScience_WhoIsIt_STEM_06.wav,otros
TalkingHeads_PsychoKiller_STEM_01.wav,otros
TalkingHeads_PsychoKiller_STEM_02.wav,guitar
TalkingHeads_PsychoKiller_STEM_03.wav,bass
TalkingHeads_PsychoKiller_STEM_04.wav,otros
TalkingHeads_PsychoKiller_STEM_06.wav,otros
TaylorSwift_LoveStory_STEM_01.wav,otros
TaylorSwift_LoveStory_STEM_02.wav,guitar
TaylorSwift_LoveStory_STEM_03.wav,bass
TaylorSwift_LoveStory_STEM_05.wav,otros
TaylorSwift_YouBelongWithMe_STEM_01.wav,otros
TaylorSwift_YouBelongWithMe_STEM_02.wav,otros
TaylorSwift_YouBelongWithMe_STEM_03.wav,bass
TaylorSwift_YouBelongWithMe_STEM_05.wav,otros
TearsForFears_EverybodyWantsToRuleTheWorld_STEM_01.wav,otros
TearsForFears_EverybodyWantsToRuleTheWorld_STEM_02.wav,otros
TearsForFears_EverybodyWantsToRuleTheWorld_STEM_03.wav,otros
TearsForFears_EverybodyWantsToRuleTheWorld_STEM_04.wav,otros
TearsForFears_EverybodyWantsToRuleTheWorld_STEM_05.wav,guitar
TemperedElan_DorothyJeanne_STEM_01.wav,otros
TemperedElan_DorothyJeanne_STEM_02.wav,otros
TemperedElan_DorothyJeanne_STEM_03.wav,otros
TemperedElan_WiseOne_STEM_01.wav,otros
TemperedElan_WiseOne_STEM_02.wav,otros
TemperedElan_WiseOne_STEM_03.wav,otros
Tesla_ModernDayCowboy_STEM_01.wav,otros
Tesla_ModernDayCowboy_STEM_02.wav,guitar
Tesla_ModernDayCowboy_STEM_03.wav,otros
TheAllAmericanRejects_DirtyLittleSecret_STEM_01.wav,otros
TheAllAmericanRejects_DirtyLittleSecret_STEM_02.wav,bass
TheAllAmericanRejects_DirtyLittleSecret_STEM_03.wav,guitar
TheAllAmericanRejects_DirtyLittleSecret_STEM_04.wav,guitar
TheAllmanBrothersBand_RamblinMan_STEM_01.wav,otros
TheAllmanBrothersBand_RamblinMan_STEM_02.wav,otros
TheAllmanBrothersBand_RamblinMan_STEM_03.wav,guitar
TheAllmanBrothersBand_RamblinMan_STEM_04.wav,bass
TheAllmanBrothersBand_RamblinMan_STEM_05.wav,otros
TheAllmanBrothersBand_RamblinMan_STEM_06.wav,guitar
TheBeatles_TwistAndShout_STEM_01.wav,otros
TheBeatles_TwistAndShout_STEM_02.wav,bass
TheBeatles_TwistAndShout_STEM_03.wav,guitar
TheBeatles_TwistAndShout_STEM_05.wav,otros
TheBeatles_Wait_STEM_01.wav,otros
TheBeatles_Wait_STEM_02.wav,bass
TheBeatles_Wait_STEM_03.wav,guitar
TheBeatles_Wait_STEM_04.wav,otros
TheBeatles_Wait_STEM_05.wav,otros
TheBeatles_WhatGoesOn_STEM_01.wav,otros
TheBeatles_WhatGoesOn_STEM_02.wav,bass
TheBeatles_WhatGoesOn_STEM_03.wav,guitar
TheBeatles_WhatGoesOn_STEM_04.wav,otros
TheBeatles_WhatGoesOn_STEM_05.wav,otros
TheBeatles_WhenIm64_STEM_01.wav,otros
TheBeatles_WhenIm64_STEM_02.wav,bass
TheBeatles_WhenIm64_STEM_03.wav,otros
TheBeatles_WhenIm64_STEM_05.wav,piano
TheBeatles_WhileMyGuitarGentlyWeeps_STEM_01.wav,otros
TheBeatles_WhileMyGuitarGentlyWeeps_STEM_02.wav,bass
TheBeatles_WhileMyGuitarGentlyWeeps_STEM_03.wav,guitar
TheBeatles_WhileMyGuitarGentlyWeeps_STEM_04.wav,otros
TheBeatles_WhileMyGuitarGentlyWeeps_STEM_05.wav,otros
TheBeatles_WithALittleHelpFromMyFriends_STEM_01.wav,otros
TheBeatles_WithALittleHelpFromMyFriends_STEM_02.wav,bass
TheBeatles_WithALittleHelpFromMyFriends_STEM_03.wav,guitar
TheBeatles_WithALittleHelpFromMyFriends_STEM_05.wav,otros
TheBeatles_WithinYouWithoutYou_STEM_01.wav,otros
TheBeatles_WithinYouWithoutYou_STEM_02.wav,otros
TheBeatles_WithinYouWithoutYou_STEM_03.wav,otros
TheBeatles_WithinYouWithoutYou_STEM_04.wav,otros
TheBeatles_WithinYouWithoutYou_STEM_05.wav,otros
TheBeatles_WithinYouWithoutYou_STEM_06.wav,otros
TheBeatles_YellowSubmarine_STEM_01.wav,otros
TheBeatles_YellowSubmarine_STEM_02.wav,bass
TheBeatles_YellowSubmarine_STEM_03.wav,guitar
TheBeatles_YellowSubmarine_STEM_05.wav,otros
TheBeatles_YouWontSeeMe_STEM_01.wav,otros
TheBeatles_YouWontSeeMe_STEM_02.wav,bass
TheBeatles_YouWontSeeMe_STEM_03.wav,guitar
TheBeatles_YouWontSeeMe_STEM_05.wav,otros
TheBlackKeys_YourTouch_STEM_01.wav,otros
TheBlackKeys_YourTouch_STEM_02.wav,guitar
TheBlackKeys_YourTouch_STEM_04.wav,guitar
TheBravery_Believe_STEM_01.wav,otros
TheBravery_Believe_STEM_02.wav,otros
TheBravery_Believe_STEM_03.wav,guitar
TheBravery_Believe_STEM_04.wav,guitar
TheBravery_Believe_STEM_05.wav,otros
TheBronx_FalseAlarm_STEM_01.wav,bass
TheBronx_FalseAlarm_STEM_02.wav,guitar
TheBronx_FalseAlarm_STEM_03.wav,otros
TheBronx_SixDaysAWeek_STEM_01.wav,otros
TheBronx_SixDaysAWeek_STEM_02.wav,guitar
TheBronx_SixDaysAWeek_STEM_03.wav,bass
TheBronx_SixDaysAWeek_STEM_04.wav,otros
TheDistricts_Vermont_STEM_01.wav,bass
TheDistricts_Vermont_STEM_02.wav,otros
TheDistricts_Vermont_STEM_03.wav,otros
TheDistricts_Vermont_STEM_04.wav,otros
TheDistricts_Vermont_STEM_06.wav,guitar
TheDistricts_Vermont_STEM_07.wav,guitar
TheFranckDuo_FranckViolinSonataInAMajorMovement1_STEM_01.wav,otros
TheFranckDuo_FranckViolinSonataInAMajorMovement1_STEM_02.wav,otros
TheFranckDuo_FranckViolinSonataInAMajorMovement1_STEM_03.wav,piano
TheFranckDuo_FranckViolinSonataInAMajorMovement2_STEM_01.wav,otros
TheFranckDuo_FranckViolinSonataInAMajorMovement2_STEM_02.wav,piano
TheFranckDuo_FranckViolinSonataInAMajorMovement2_STEM_03.wav,otros
TheKillers_SomebodyToldMe_STEM_02.wav,otros
TheKillers_SomebodyToldMe_STEM_03.wav,bass
TheKillers_SomebodyToldMe_STEM_04.wav,guitar
TheKillers_SomebodyToldMe_STEM_05.wav,guitar
TheKillers_SomebodyToldMe_STEM_06.wav,otros
TheKitchenettes_Alive_STEM_01.wav,otros
TheKitchenettes_Alive_STEM_02.wav,guitar
TheKitchenettes_Alive_STEM_03.wav,bass
TheKitchenettes_Alive_STEM_04.wav,otros
TheKitchenettes_Alive_STEM_05.wav,piano
TheKitchenettes_Alive_STEM_06.wav,guitar
TheKitchenettes_Alive_STEM_07.wav,otros
TheKooks_Naive_STEM_01.wav,otros
TheKooks_Naive_STEM_02.wav,guitar
TheKooks_Naive_STEM_03.wav,bass
TheLastGoodnight_PicturesOfYou_STEM_01.wav,otros
TheLastGoodnight_PicturesOfYou_STEM_02.wav,guitar
TheLastGoodnight_PicturesOfYou_STEM_03.wav,bass
TheLastGoodnight_PicturesOfYou_STEM_05.wav,otros
TheNoHoStringOrchestra_ElgarMovement1_STEM_01.wav,bass
TheNoHoStringOrchestra_ElgarMovement1_STEM_02.wav,otros
TheNoHoStringOrchestra_ElgarMovement1_STEM_03.wav,otros
TheNoHoStringOrchestra_ElgarMovement1_STEM_04.wav,otros
TheNoHoStringOrchestra_ElgarMovement1_STEM_05.wav,otros
TheNoHoStringOrchestra_ElgarMovement1_STEM_06.wav,otros
TheNoHoStringOrchestra_ElgarMovement2_STEM_01.wav,otros
TheNoHoStringOrchestra_ElgarMovement2_STEM_02.wav,otros
TheNoHoStringOrchestra_ElgarMovement2_STEM_03.wav,otros
TheNoHoStringOrchestra_ElgarMovement2_STEM_04.wav,otros
TheNoHoStringOrchestra_ElgarMovement2_STEM_05.wav,bass
TheNoHoStringOrchestra_ElgarMovement2_STEM_06.wav,otros
TheNoHoStringOrchestra_ElgarMovement3_STEM_01.wav,otros
TheNoHoStringOrchestra_ElgarMovement3_STEM_02.wav,otros
TheNoHoStringOrchestra_ElgarMovement3_STEM_03.wav,otros
TheNoHoStringOrchestra_ElgarMovement3_STEM_04.wav,otros
TheNoHoStringOrchestra_ElgarMovement3_STEM_05.wav,bass
TheNoHoStringOrchestra_ElgarMovement3_STEM_06.wav,otros
TheScarletBrand_LesFleursDuMal_STEM_01.wav,otros
TheScarletBrand_LesFleursDuMal_STEM_02.wav,bass
TheScarletBrand_LesFleursDuMal_STEM_03.wav,guitar
TheScarletBrand_LesFleursDuMal_STEM_04.wav,guitar
TheScarletBrand_LesFleursDuMal_STEM_05.wav,guitar
TheScarletBrand_LesFleursDuMal_STEM_06.wav,otros
TheScarletBrand_LesFleursDuMal_STEM_07.wav,guitar
TheSoSoGlos_Emergency_STEM_01.wav,bass
TheSoSoGlos_Emergency_STEM_02.wav,otros
TheSoSoGlos_Emergency_STEM_03.wav,otros
TheSoSoGlos_Emergency_STEM_04.wav,guitar
TheSoSoGlos_Emergency_STEM_06.wav,otros
TheSoSoGlos_Emergency_STEM_07.wav,otros
TheSoSoGlos_Emergency_STEM_08.wav,otros
TheSoSoGlos_Emergency_STEM_09.wav,guitar
TheSoSoGlos_Emergency_STEM_10.wav,otros
TheTonTons_Lush_STEM_02.wav,otros
TheTonTons_Lush_STEM_03.wav,guitar
TheTonTons_Lush_STEM_04.wav,otros
TheTonTons_Lush_STEM_05.wav,guitar
TheTonTons_Lush_STEM_06.wav,guitar
TheTonTons_Lush_STEM_07.wav,guitar
TheTonTons_Lush_STEM_08.wav,guitar
TheTonTons_Lush_STEM_09.wav,bass
TheTonTons_Lush_STEM_11.wav,guitar
TheTurtles_HappyTogether_STEM_01.wav,otros
TheTurtles_HappyTogether_STEM_02.wav,otros
TheTurtles_HappyTogether_STEM_03.wav,bass
TheTurtles_HappyTogether_STEM_05.wav,otros
ThinLizzy_TheBoysAreBackInTown_STEM_01.wav,otros
ThinLizzy_TheBoysAreBackInTown_STEM_02.wav,guitar
ThinLizzy_TheBoysAreBackInTown_STEM_03.wav,bass
ThinLizzy_TheBoysAreBackInTown_STEM_05.wav,guitar
ThirdEyeBlind_Jumper_STEM_01.wav,otros
ThirdEyeBlind_Jumper_STEM_02.wav,guitar
ThirdEyeBlind_Jumper_STEM_03.wav,bass
ThirdEyeBlind_Jumper_STEM_04.wav,otros
ThirdEyeBlind_NeverLetYouGo_STEM_01.wav,otros
ThirdEyeBlind_NeverLetYouGo_STEM_02.wav,guitar
ThirdEyeBlind_NeverLetYouGo_STEM_03.wav,bass
ThirdEyeBlind_NeverLetYouGo_STEM_05.wav,otros
TleilaxEnsemble_Late_STEM_01.wav,bass
TleilaxEnsemble_Late_STEM_02.wav,otros
TleilaxEnsemble_Late_STEM_03.wav,otros
TleilaxEnsemble_MelancholyFlowers_STEM_01.wav,bass
TleilaxEnsemble_MelancholyFlowers_STEM_02.wav,otros
TleilaxEnsemble_MelancholyFlowers_STEM_03.wav,otros
TomPettyAndTheHeartbreakers_IWontBackDown_STEM_01.wav,otros
TomPettyAndTheHeartbreakers_IWontBackDown_STEM_02.wav,guitar
TomPettyAndTheHeartbreakers_IWontBackDown_STEM_03.wav,bass
TomPettyAndTheHeartbreakers_IWontBackDown_STEM_04.wav,otros
TomPetty_FreeFallin_STEM_01.wav,otros
TomPetty_FreeFallin_STEM_02.wav,guitar
TomPetty_FreeFallin_STEM_03.wav,bass
TomPetty_FreeFallin_STEM_04.wav,otros
Tonic_IfYouCouldOnlySee_STEM_01.wav,otros
Tonic_IfYouCouldOnlySee_STEM_02.wav,guitar
Tonic_IfYouCouldOnlySee_STEM_03.wav,bass
Tonic_IfYouCouldOnlySee_STEM_05.wav,otros
Torres_NewSkin_STEM_01.wav,guitar
Torres_NewSkin_STEM_04.wav,guitar
Torres_NewSkin_STEM_06.wav,bass
Torres_NewSkin_STEM_07.wav,otros
Torres_NewSkin_STEM_08.wav,guitar
Torres_NewSkin_STEM_09.wav,guitar
TPain_Bartender_STEM_01.wav,otros
TPain_Bartender_STEM_02.wav,piano
TPain_Bartender_STEM_03.wav,otros
TPain_Bartender_STEM_05.wav,otros
TPain_Bartender_STEM_07.wav,otros
TrevorAndTheSoundwaves_AloneAndSad_STEM_02.wav,otros
TrevorAndTheSoundwaves_AloneAndSad_STEM_03.wav,guitar
TrevorAndTheSoundwaves_AloneAndSad_STEM_04.wav,bass
TrevorAndTheSoundwaves_AloneAndSad_STEM_05.wav,guitar
TvOnTheRadio_WolfLikeMe_STEM_01.wav,otros
TvOnTheRadio_WolfLikeMe_STEM_02.wav,otros
TvOnTheRadio_WolfLikeMe_STEM_03.wav,guitar
TvOnTheRadio_WolfLikeMe_STEM_04.wav,otros
VampireWeekend_Cousins_STEM_01.wav,otros
VampireWeekend_Cousins_STEM_02.wav,guitar
VampireWeekend_Cousins_STEM_03.wav,bass
VampireWeekend_Cousins_STEM_05.wav,guitar
VampireWeekend_Holiday_STEM_01.wav,otros
VampireWeekend_Holiday_STEM_02.wav,guitar
VampireWeekend_Holiday_STEM_03.wav,bass
VanHalen_Jump_STEM_01.wav,otros
VanHalen_Jump_STEM_02.wav,otros
VanHalen_Jump_STEM_03.wav,bass
VanHalen_Jump_STEM_04.wav,otros
VanillaIce_IceIceBaby_STEM_01.wav,bass
VanillaIce_IceIceBaby_STEM_02.wav,otros
VanillaIce_IceIceBaby_STEM_03.wav,otros
VanillaIce_IceIceBaby_STEM_04.wav,otros
Verdi_IlTrovatore_STEM_02.wav,piano
VillagePeople_Ymca_STEM_01.wav,otros
VillagePeople_Ymca_STEM_02.wav,otros
VillagePeople_Ymca_STEM_03.wav,bass
VillagePeople_Ymca_STEM_05.wav,otros
Weezer_IslandInTheSun_STEM_01.wav,otros
Weezer_IslandInTheSun_STEM_02.wav,guitar
Weezer_IslandInTheSun_STEM_03.wav,bass
Weezer_IslandInTheSun_STEM_04.wav,otros
Weezer_IslandInTheSun_STEM_05.wav,otros
WildCherry_PlayThatFunkyMusic_STEM_01.wav,otros
WildCherry_PlayThatFunkyMusic_STEM_02.wav,bass
WildCherry_PlayThatFunkyMusic_STEM_03.wav,guitar
WildCherry_PlayThatFunkyMusic_STEM_04.wav,otros
Wolf_DieBekherte_STEM_02.wav,piano
